ITAIPU;5610.0;5610.0;5610.0;5610.0;5610.0;5610.0;5610.0;5610.0;5610.0;5610.0;5610.0;5610.0;5610.0;5610.0;5610.0;5610.0;5610.0;5610.0;5610.0;5610.0;5610.0;5610.0;5610.0;5610.0;5610.0;5610.0;5610.0;5610.0;5610.0;5610.0;5610.0;5610.0;5610.0;5610.0;5610.0;5610.0;5610.0;5610.0;5610.0;5610.0;5610.0;5610.0;5610.0;5610.0;5610.0;5610.0;5610.0;5610.0;
TUCURUI;4551.0;4551.0;4551.0;4551.0;4551.0;4551.0;4551.0;4551.0;4551.0;4551.0;4551.0;4551.0;4551.0;4551.0;4551.0;4551.0;4551.0;4551.0;4551.0;4551.0;4551.0;4551.0;4551.0;4551.0;4551.0;4551.0;4551.0;4551.0;4551.0;4551.0;4551.0;4551.0;4551.0;4551.0;4551.0;4551.0;4551.0;4551.0;4551.0;4551.0;4551.0;4551.0;4551.0;4551.0;4551.0;4551.0;4551.0;4551.0;
BELO MONTE;0.0;0.0;0.0;0.0;0.0;0.0;0.0;0.0;0.0;0.0;0.0;0.0;0.0;0.0;0.0;0.0;0.0;0.0;0.0;0.0;0.0;0.0;0.0;0.0;0.0;0.0;0.0;0.0;0.0;0.0;0.0;0.0;0.0;0.0;0.0;0.0;0.0;0.0;0.0;0.0;0.0;0.0;0.0;0.0;0.0;0.0;0.0;0.0;
JIRAU;25504.0;25504.0;25504.0;25504.0;25504.0;25504.0;25504.0;25504.0;25504.0;25504.0;25504.0;25504.0;25504.0;25504.0;25504.0;25504.0;25504.0;25504.0;25504.0;25504.0;25504.0;25504.0;25504.0;25504.0;25504.0;25504.0;25504.0;25504.0;25504.0;25504.0;25504.0;25504.0;25504.0;25504.0;25504.0;25504.0;25504.0;25504.0;25504.0;25504.0;25504.0;25504.0;25504.0;25504.0;25504.0;25504.0;25504.0;25504.0;
STO ANTONIO;1078.0;1078.0;1078.0;1078.0;1078.0;1078.0;1078.0;1078.0;1078.0;1078.0;1078.0;1078.0;1078.0;1078.0;1078.0;1078.0;1078.0;1078.0;1078.0;1078.0;1078.0;1078.0;1078.0;1078.0;1078.0;1078.0;1078.0;1078.0;1078.0;1078.0;1078.0;1078.0;1078.0;1078.0;1078.0;1078.0;1078.0;1078.0;1078.0;1078.0;1078.0;1078.0;1078.0;1078.0;1078.0;1078.0;1078.0;1078.0;
I. SOLTEIRA;377.0;377.0;377.0;377.0;377.0;377.0;377.0;377.0;377.0;377.0;377.0;377.0;377.0;377.0;377.0;377.0;377.0;377.0;377.0;377.0;377.0;377.0;377.0;377.0;377.0;377.0;377.0;377.0;377.0;377.0;377.0;377.0;377.0;377.0;377.0;377.0;377.0;377.0;377.0;377.0;377.0;377.0;377.0;377.0;377.0;377.0;377.0;377.0;
XINGO;0.0;0.0;0.0;0.0;0.0;0.0;0.0;0.0;0.0;0.0;0.0;0.0;0.0;0.0;0.0;0.0;0.0;0.0;0.0;0.0;0.0;0.0;0.0;0.0;0.0;0.0;0.0;0.0;0.0;0.0;0.0;0.0;0.0;0.0;0.0;0.0;0.0;0.0;0.0;0.0;0.0;0.0;0.0;0.0;0.0;0.0;0.0;0.0;
P.AFONSO 4;0.0;0.0;0.0;0.0;0.0;0.0;0.0;0.0;0.0;0.0;0.0;0.0;0.0;0.0;0.0;0.0;0.0;0.0;0.0;0.0;0.0;0.0;0.0;0.0;0.0;0.0;0.0;0.0;0.0;0.0;0.0;0.0;0.0;0.0;0.0;0.0;0.0;0.0;0.0;0.0;0.0;0.0;0.0;0.0;0.0;0.0;0.0;0.0;
ITUMBIARA;173.0;173.0;173.0;173.0;173.0;173.0;173.0;173.0;173.0;173.0;173.0;173.0;173.0;173.0;173.0;173.0;173.0;173.0;173.0;173.0;173.0;173.0;173.0;173.0;173.0;173.0;173.0;173.0;173.0;173.0;173.0;173.0;173.0;173.0;173.0;173.0;173.0;173.0;173.0;173.0;173.0;173.0;173.0;173.0;173.0;173.0;173.0;173.0;
TELES PIRES;1499.0;1499.0;1499.0;1499.0;1499.0;1499.0;1499.0;1499.0;1499.0;1499.0;1499.0;1499.0;1499.0;1499.0;1499.0;1499.0;1499.0;1499.0;1499.0;1499.0;1499.0;1499.0;1499.0;1499.0;1499.0;1499.0;1499.0;1499.0;1499.0;1499.0;1499.0;1499.0;1499.0;1499.0;1499.0;1499.0;1499.0;1499.0;1499.0;1499.0;1499.0;1499.0;1499.0;1499.0;1499.0;1499.0;1499.0;1499.0;
SAO SIMAO;519.0;519.0;519.0;519.0;519.0;519.0;519.0;519.0;519.0;519.0;519.0;519.0;519.0;519.0;519.0;519.0;519.0;519.0;519.0;519.0;519.0;519.0;519.0;519.0;519.0;519.0;519.0;519.0;519.0;519.0;519.0;519.0;519.0;519.0;519.0;519.0;519.0;519.0;519.0;519.0;519.0;519.0;519.0;519.0;519.0;519.0;519.0;519.0;
G.B. MUNHOZ;1820.0;1820.0;1820.0;1820.0;1820.0;1820.0;1820.0;1820.0;1820.0;1820.0;1820.0;1820.0;1820.0;1820.0;1820.0;1820.0;1820.0;1820.0;1820.0;1820.0;1820.0;1820.0;1820.0;1820.0;1820.0;1820.0;1820.0;1820.0;1820.0;1820.0;1820.0;1820.0;1820.0;1820.0;1820.0;1820.0;1820.0;1820.0;1820.0;1820.0;1820.0;1820.0;1820.0;1820.0;1820.0;1820.0;1820.0;1820.0;
JUPIA;467.0;467.0;467.0;467.0;467.0;467.0;467.0;467.0;467.0;467.0;467.0;467.0;467.0;467.0;467.0;467.0;467.0;467.0;467.0;467.0;467.0;467.0;467.0;467.0;467.0;467.0;467.0;467.0;467.0;467.0;467.0;467.0;467.0;467.0;467.0;467.0;467.0;467.0;467.0;467.0;467.0;467.0;467.0;467.0;467.0;467.0;467.0;467.0;
P. PRIMAVERA;1032.0;1032.0;1032.0;1032.0;1032.0;1032.0;1032.0;1032.0;1032.0;1032.0;1032.0;1032.0;1032.0;1032.0;1032.0;1032.0;1032.0;1032.0;1032.0;1032.0;1032.0;1032.0;1032.0;1032.0;1032.0;1032.0;1032.0;1032.0;1032.0;1032.0;1032.0;1032.0;1032.0;1032.0;1032.0;1032.0;1032.0;1032.0;1032.0;1032.0;1032.0;1032.0;1032.0;1032.0;1032.0;1032.0;1032.0;1032.0;
MARIMBONDO;356.0;356.0;356.0;356.0;356.0;356.0;356.0;356.0;356.0;356.0;356.0;356.0;356.0;356.0;356.0;356.0;356.0;356.0;356.0;356.0;356.0;356.0;356.0;356.0;356.0;356.0;356.0;356.0;356.0;356.0;356.0;356.0;356.0;356.0;356.0;356.0;356.0;356.0;356.0;356.0;356.0;356.0;356.0;356.0;356.0;356.0;356.0;356.0;
ITAPARICA;0.0;0.0;0.0;0.0;0.0;0.0;0.0;0.0;0.0;0.0;0.0;0.0;0.0;0.0;0.0;0.0;0.0;0.0;0.0;0.0;0.0;0.0;0.0;0.0;0.0;0.0;0.0;0.0;0.0;0.0;0.0;0.0;0.0;0.0;0.0;0.0;0.0;0.0;0.0;0.0;0.0;0.0;0.0;0.0;0.0;0.0;0.0;0.0;
ITA;726.0;726.0;726.0;726.0;726.0;726.0;726.0;726.0;726.0;726.0;726.0;726.0;726.0;726.0;726.0;726.0;726.0;726.0;726.0;726.0;726.0;726.0;726.0;726.0;726.0;726.0;726.0;726.0;726.0;726.0;726.0;726.0;726.0;726.0;726.0;726.0;726.0;726.0;726.0;726.0;726.0;726.0;726.0;726.0;726.0;726.0;726.0;726.0;
SLT.SANTIAGO;541.0;541.0;541.0;541.0;541.0;541.0;541.0;541.0;541.0;541.0;541.0;541.0;541.0;541.0;541.0;541.0;541.0;541.0;541.0;541.0;541.0;541.0;541.0;541.0;541.0;541.0;541.0;541.0;541.0;541.0;541.0;541.0;541.0;541.0;541.0;541.0;541.0;541.0;541.0;541.0;541.0;541.0;541.0;541.0;541.0;541.0;541.0;541.0;
P.AFONSO 123;0.0;0.0;0.0;0.0;0.0;0.0;0.0;0.0;0.0;0.0;0.0;0.0;0.0;0.0;0.0;0.0;0.0;0.0;0.0;0.0;0.0;0.0;0.0;0.0;0.0;0.0;0.0;0.0;0.0;0.0;0.0;0.0;0.0;0.0;0.0;0.0;0.0;0.0;0.0;0.0;0.0;0.0;0.0;0.0;0.0;0.0;0.0;0.0;
A. VERMELHA;198.0;198.0;198.0;198.0;198.0;198.0;198.0;198.0;198.0;198.0;198.0;198.0;198.0;198.0;198.0;198.0;198.0;198.0;198.0;198.0;198.0;198.0;198.0;198.0;198.0;198.0;198.0;198.0;198.0;198.0;198.0;198.0;198.0;198.0;198.0;198.0;198.0;198.0;198.0;198.0;198.0;198.0;198.0;198.0;198.0;198.0;198.0;198.0;
FURNAS;413.0;413.0;413.0;413.0;413.0;413.0;413.0;413.0;413.0;413.0;413.0;413.0;413.0;413.0;413.0;413.0;413.0;413.0;413.0;413.0;413.0;413.0;413.0;413.0;413.0;413.0;413.0;413.0;413.0;413.0;413.0;413.0;413.0;413.0;413.0;413.0;413.0;413.0;413.0;413.0;413.0;413.0;413.0;413.0;413.0;413.0;413.0;413.0;
SERRA MESA;375.0;375.0;375.0;375.0;375.0;375.0;375.0;375.0;375.0;375.0;375.0;375.0;375.0;375.0;375.0;375.0;375.0;375.0;375.0;375.0;375.0;375.0;375.0;375.0;375.0;375.0;375.0;375.0;375.0;375.0;375.0;375.0;375.0;375.0;375.0;375.0;375.0;375.0;375.0;375.0;375.0;375.0;375.0;375.0;375.0;375.0;375.0;375.0;
SEGREDO;512.0;512.0;512.0;512.0;512.0;512.0;512.0;512.0;512.0;512.0;512.0;512.0;512.0;512.0;512.0;512.0;512.0;512.0;512.0;512.0;512.0;512.0;512.0;512.0;512.0;512.0;512.0;512.0;512.0;512.0;512.0;512.0;512.0;512.0;512.0;512.0;512.0;512.0;512.0;512.0;512.0;512.0;512.0;512.0;512.0;512.0;512.0;512.0;
SALTO CAXIAS;1341.0;1341.0;1341.0;1341.0;1341.0;1341.0;1341.0;1341.0;1341.0;1341.0;1341.0;1341.0;1341.0;1341.0;1341.0;1341.0;1341.0;1341.0;1341.0;1341.0;1341.0;1341.0;1341.0;1341.0;1341.0;1341.0;1341.0;1341.0;1341.0;1341.0;1341.0;1341.0;1341.0;1341.0;1341.0;1341.0;1341.0;1341.0;1341.0;1341.0;1341.0;1341.0;1341.0;1341.0;1341.0;1341.0;1341.0;1341.0;
EMBORCACAO;146.0;146.0;146.0;146.0;146.0;146.0;146.0;146.0;146.0;146.0;146.0;146.0;146.0;146.0;146.0;146.0;146.0;146.0;146.0;146.0;146.0;146.0;146.0;146.0;146.0;146.0;146.0;146.0;146.0;146.0;146.0;146.0;146.0;146.0;146.0;146.0;146.0;146.0;146.0;146.0;146.0;146.0;146.0;146.0;146.0;146.0;146.0;146.0;
MACHADINHO;205.0;205.0;205.0;205.0;205.0;205.0;205.0;205.0;205.0;205.0;205.0;205.0;205.0;205.0;205.0;205.0;205.0;205.0;205.0;205.0;205.0;205.0;205.0;205.0;205.0;205.0;205.0;205.0;205.0;205.0;205.0;205.0;205.0;205.0;205.0;205.0;205.0;205.0;205.0;205.0;205.0;205.0;205.0;205.0;205.0;205.0;205.0;205.0;
LC BARRETO;17.0;17.0;17.0;17.0;17.0;17.0;17.0;17.0;17.0;17.0;17.0;17.0;17.0;17.0;17.0;17.0;17.0;17.0;17.0;17.0;17.0;17.0;17.0;17.0;17.0;17.0;17.0;17.0;17.0;17.0;17.0;17.0;17.0;17.0;17.0;17.0;17.0;17.0;17.0;17.0;17.0;17.0;17.0;17.0;17.0;17.0;17.0;17.0;
ESTREITO TOC;1171.0;1171.0;1171.0;1171.0;1171.0;1171.0;1171.0;1171.0;1171.0;1171.0;1171.0;1171.0;1171.0;1171.0;1171.0;1171.0;1171.0;1171.0;1171.0;1171.0;1171.0;1171.0;1171.0;1171.0;1171.0;1171.0;1171.0;1171.0;1171.0;1171.0;1171.0;1171.0;1171.0;1171.0;1171.0;1171.0;1171.0;1171.0;1171.0;1171.0;1171.0;1171.0;1171.0;1171.0;1171.0;1171.0;1171.0;1171.0;
SALTO OSORIO;214.0;214.0;214.0;214.0;214.0;214.0;214.0;214.0;214.0;214.0;214.0;214.0;214.0;214.0;214.0;214.0;214.0;214.0;214.0;214.0;214.0;214.0;214.0;214.0;214.0;214.0;214.0;214.0;214.0;214.0;214.0;214.0;214.0;214.0;214.0;214.0;214.0;214.0;214.0;214.0;214.0;214.0;214.0;214.0;214.0;214.0;214.0;214.0;
SOBRADINHO;1649.0;1649.0;1649.0;1649.0;1649.0;1649.0;1649.0;1649.0;1649.0;1649.0;1649.0;1649.0;1649.0;1649.0;1649.0;1649.0;1649.0;1649.0;1649.0;1649.0;1649.0;1649.0;1649.0;1649.0;1649.0;1649.0;1649.0;1649.0;1649.0;1649.0;1649.0;1649.0;1649.0;1649.0;1649.0;1649.0;1649.0;1649.0;1649.0;1649.0;1649.0;1649.0;1649.0;1649.0;1649.0;1649.0;1649.0;1649.0;
LAJEADO;297.0;297.0;297.0;297.0;297.0;297.0;297.0;297.0;297.0;297.0;297.0;297.0;297.0;297.0;297.0;297.0;297.0;297.0;297.0;297.0;297.0;297.0;297.0;297.0;297.0;297.0;297.0;297.0;297.0;297.0;297.0;297.0;297.0;297.0;297.0;297.0;297.0;297.0;297.0;297.0;297.0;297.0;297.0;297.0;297.0;297.0;297.0;297.0;
CAMPOS NOVOS;89.0;89.0;89.0;89.0;89.0;89.0;89.0;89.0;89.0;89.0;89.0;89.0;89.0;89.0;89.0;89.0;89.0;89.0;89.0;89.0;89.0;89.0;89.0;89.0;89.0;89.0;89.0;89.0;89.0;89.0;89.0;89.0;89.0;89.0;89.0;89.0;89.0;89.0;89.0;89.0;89.0;89.0;89.0;89.0;89.0;89.0;89.0;89.0;
TRES IRMAOS;24.0;24.0;24.0;24.0;24.0;24.0;24.0;24.0;24.0;24.0;24.0;24.0;24.0;24.0;24.0;24.0;24.0;24.0;24.0;24.0;24.0;24.0;24.0;24.0;24.0;24.0;24.0;24.0;24.0;24.0;24.0;24.0;24.0;24.0;24.0;24.0;24.0;24.0;24.0;24.0;24.0;24.0;24.0;24.0;24.0;24.0;24.0;24.0;
BARRA GRANDE;1074.0;1074.0;1074.0;1074.0;1074.0;1074.0;1074.0;1074.0;1074.0;1074.0;1074.0;1074.0;1074.0;1074.0;1074.0;1074.0;1074.0;1074.0;1074.0;1074.0;1074.0;1074.0;1074.0;1074.0;1074.0;1074.0;1074.0;1074.0;1074.0;1074.0;1074.0;1074.0;1074.0;1074.0;1074.0;1074.0;1074.0;1074.0;1074.0;1074.0;1074.0;1074.0;1074.0;1074.0;1074.0;1074.0;1074.0;1074.0;
CACH.DOURADA;37.0;37.0;37.0;37.0;37.0;37.0;37.0;37.0;37.0;37.0;37.0;37.0;37.0;37.0;37.0;37.0;37.0;37.0;37.0;37.0;37.0;37.0;37.0;37.0;37.0;37.0;37.0;37.0;37.0;37.0;37.0;37.0;37.0;37.0;37.0;37.0;37.0;37.0;37.0;37.0;37.0;37.0;37.0;37.0;37.0;37.0;37.0;37.0;
MOXOTO;0.0;0.0;0.0;0.0;0.0;0.0;0.0;0.0;0.0;0.0;0.0;0.0;0.0;0.0;0.0;0.0;0.0;0.0;0.0;0.0;0.0;0.0;0.0;0.0;0.0;0.0;0.0;0.0;0.0;0.0;0.0;0.0;0.0;0.0;0.0;0.0;0.0;0.0;0.0;0.0;0.0;0.0;0.0;0.0;0.0;0.0;0.0;0.0;
TRES MARIAS;364.0;364.0;364.0;364.0;364.0;364.0;364.0;364.0;364.0;364.0;364.0;364.0;364.0;364.0;364.0;364.0;364.0;364.0;364.0;364.0;364.0;364.0;364.0;364.0;364.0;364.0;364.0;364.0;364.0;364.0;364.0;364.0;364.0;364.0;364.0;364.0;364.0;364.0;364.0;364.0;364.0;364.0;364.0;364.0;364.0;364.0;364.0;364.0;
PIMENTAL;6155.0;6155.0;6155.0;6155.0;6155.0;6155.0;6155.0;6155.0;6155.0;6155.0;6155.0;6155.0;6155.0;6155.0;6155.0;6155.0;6155.0;6155.0;6155.0;6155.0;6155.0;6155.0;6155.0;6155.0;6155.0;6155.0;6155.0;6155.0;6155.0;6155.0;6155.0;6155.0;6155.0;6155.0;6155.0;6155.0;6155.0;6155.0;6155.0;6155.0;6155.0;6155.0;6155.0;6155.0;6155.0;6155.0;6155.0;6155.0;
CHAVANTES;75.0;75.0;75.0;75.0;75.0;75.0;75.0;75.0;75.0;75.0;75.0;75.0;75.0;75.0;75.0;75.0;75.0;75.0;75.0;75.0;75.0;75.0;75.0;75.0;75.0;75.0;75.0;75.0;75.0;75.0;75.0;75.0;75.0;75.0;75.0;75.0;75.0;75.0;75.0;75.0;75.0;75.0;75.0;75.0;75.0;75.0;75.0;75.0;
ROSANA;106.0;106.0;106.0;106.0;106.0;106.0;106.0;106.0;106.0;106.0;106.0;106.0;106.0;106.0;106.0;106.0;106.0;106.0;106.0;106.0;106.0;106.0;106.0;106.0;106.0;106.0;106.0;106.0;106.0;106.0;106.0;106.0;106.0;106.0;106.0;106.0;106.0;106.0;106.0;106.0;106.0;106.0;106.0;106.0;106.0;106.0;106.0;106.0;
TAQUARUCU;45.0;45.0;45.0;45.0;45.0;45.0;45.0;45.0;45.0;45.0;45.0;45.0;45.0;45.0;45.0;45.0;45.0;45.0;45.0;45.0;45.0;45.0;45.0;45.0;45.0;45.0;45.0;45.0;45.0;45.0;45.0;45.0;45.0;45.0;45.0;45.0;45.0;45.0;45.0;45.0;45.0;45.0;45.0;45.0;45.0;45.0;45.0;45.0;
CAPIVARA;290.0;290.0;290.0;290.0;290.0;290.0;290.0;290.0;290.0;290.0;290.0;290.0;290.0;290.0;290.0;290.0;290.0;290.0;290.0;290.0;290.0;290.0;290.0;290.0;290.0;290.0;290.0;290.0;290.0;290.0;290.0;290.0;290.0;290.0;290.0;290.0;290.0;290.0;290.0;290.0;290.0;290.0;290.0;290.0;290.0;290.0;290.0;290.0;
FONTES;0.0;0.0;0.0;0.0;0.0;0.0;0.0;0.0;0.0;0.0;0.0;0.0;0.0;0.0;0.0;0.0;0.0;0.0;0.0;0.0;0.0;0.0;0.0;0.0;0.0;0.0;0.0;0.0;0.0;0.0;0.0;0.0;0.0;0.0;0.0;0.0;0.0;0.0;0.0;0.0;0.0;0.0;0.0;0.0;0.0;0.0;0.0;0.0;
NILO PEÇANHA;0.0;0.0;0.0;0.0;0.0;0.0;0.0;0.0;0.0;0.0;0.0;0.0;0.0;0.0;0.0;0.0;0.0;0.0;0.0;0.0;0.0;0.0;0.0;0.0;0.0;0.0;0.0;0.0;0.0;0.0;0.0;0.0;0.0;0.0;0.0;0.0;0.0;0.0;0.0;0.0;0.0;0.0;0.0;0.0;0.0;0.0;0.0;0.0;
PEREIRA PASSOS;0.0;0.0;0.0;0.0;0.0;0.0;0.0;0.0;0.0;0.0;0.0;0.0;0.0;0.0;0.0;0.0;0.0;0.0;0.0;0.0;0.0;0.0;0.0;0.0;0.0;0.0;0.0;0.0;0.0;0.0;0.0;0.0;0.0;0.0;0.0;0.0;0.0;0.0;0.0;0.0;0.0;0.0;0.0;0.0;0.0;0.0;0.0;0.0;
FUNIL;317.0;317.0;317.0;317.0;317.0;317.0;317.0;317.0;317.0;317.0;317.0;317.0;317.0;317.0;317.0;317.0;317.0;317.0;317.0;317.0;317.0;317.0;317.0;317.0;317.0;317.0;317.0;317.0;317.0;317.0;317.0;317.0;317.0;317.0;317.0;317.0;317.0;317.0;317.0;317.0;317.0;317.0;317.0;317.0;317.0;317.0;317.0;317.0;
LAJES;5.0;5.0;5.0;5.0;5.0;5.0;5.0;5.0;5.0;5.0;5.0;5.0;5.0;5.0;5.0;5.0;5.0;5.0;5.0;5.0;5.0;5.0;5.0;5.0;5.0;5.0;5.0;5.0;5.0;5.0;5.0;5.0;5.0;5.0;5.0;5.0;5.0;5.0;5.0;5.0;5.0;5.0;5.0;5.0;5.0;5.0;5.0;5.0;
PARAIBUNA;111.0;111.0;111.0;111.0;111.0;111.0;111.0;111.0;111.0;111.0;111.0;111.0;111.0;111.0;111.0;111.0;111.0;111.0;111.0;111.0;111.0;111.0;111.0;111.0;111.0;111.0;111.0;111.0;111.0;111.0;111.0;111.0;111.0;111.0;111.0;111.0;111.0;111.0;111.0;111.0;111.0;111.0;111.0;111.0;111.0;111.0;111.0;111.0;
SANTA BRANCA;19.0;19.0;19.0;19.0;19.0;19.0;19.0;19.0;19.0;19.0;19.0;19.0;19.0;19.0;19.0;19.0;19.0;19.0;19.0;19.0;19.0;19.0;19.0;19.0;19.0;19.0;19.0;19.0;19.0;19.0;19.0;19.0;19.0;19.0;19.0;19.0;19.0;19.0;19.0;19.0;19.0;19.0;19.0;19.0;19.0;19.0;19.0;19.0;
JAGUARI;37.0;37.0;37.0;37.0;37.0;37.0;37.0;37.0;37.0;37.0;37.0;37.0;37.0;37.0;37.0;37.0;37.0;37.0;37.0;37.0;37.0;37.0;37.0;37.0;37.0;37.0;37.0;37.0;37.0;37.0;37.0;37.0;37.0;37.0;37.0;37.0;37.0;37.0;37.0;37.0;37.0;37.0;37.0;37.0;37.0;37.0;37.0;37.0;
SANTA CECÍLIA;148.0;148.0;148.0;148.0;148.0;148.0;148.0;148.0;148.0;148.0;148.0;148.0;148.0;148.0;148.0;148.0;148.0;148.0;148.0;148.0;148.0;148.0;148.0;148.0;148.0;148.0;148.0;148.0;148.0;148.0;148.0;148.0;148.0;148.0;148.0;148.0;148.0;148.0;148.0;148.0;148.0;148.0;148.0;148.0;148.0;148.0;148.0;148.0;
SANTANA;6.0;6.0;6.0;6.0;6.0;6.0;6.0;6.0;6.0;6.0;6.0;6.0;6.0;6.0;6.0;6.0;6.0;6.0;6.0;6.0;6.0;6.0;6.0;6.0;6.0;6.0;6.0;6.0;6.0;6.0;6.0;6.0;6.0;6.0;6.0;6.0;6.0;6.0;6.0;6.0;6.0;6.0;6.0;6.0;6.0;6.0;6.0;6.0;
VIGARIO;0.0;0.0;0.0;0.0;0.0;0.0;0.0;0.0;0.0;0.0;0.0;0.0;0.0;0.0;0.0;0.0;0.0;0.0;0.0;0.0;0.0;0.0;0.0;0.0;0.0;0.0;0.0;0.0;0.0;0.0;0.0;0.0;0.0;0.0;0.0;0.0;0.0;0.0;0.0;0.0;0.0;0.0;0.0;0.0;0.0;0.0;0.0;0.0;
PICADA;44.0;44.0;44.0;44.0;44.0;44.0;44.0;44.0;44.0;44.0;44.0;44.0;44.0;44.0;44.0;44.0;44.0;44.0;44.0;44.0;44.0;44.0;44.0;44.0;44.0;44.0;44.0;44.0;44.0;44.0;44.0;44.0;44.0;44.0;44.0;44.0;44.0;44.0;44.0;44.0;44.0;44.0;44.0;44.0;44.0;44.0;44.0;44.0;
SOBRAGI;56.0;56.0;56.0;56.0;56.0;56.0;56.0;56.0;56.0;56.0;56.0;56.0;56.0;56.0;56.0;56.0;56.0;56.0;56.0;56.0;56.0;56.0;56.0;56.0;56.0;56.0;56.0;56.0;56.0;56.0;56.0;56.0;56.0;56.0;56.0;56.0;56.0;56.0;56.0;56.0;56.0;56.0;56.0;56.0;56.0;56.0;56.0;56.0;
SIMPLÍCIO;379.0;379.0;379.0;379.0;379.0;379.0;379.0;379.0;379.0;379.0;379.0;379.0;379.0;379.0;379.0;379.0;379.0;379.0;379.0;379.0;379.0;379.0;379.0;379.0;379.0;379.0;379.0;379.0;379.0;379.0;379.0;379.0;379.0;379.0;379.0;379.0;379.0;379.0;379.0;379.0;379.0;379.0;379.0;379.0;379.0;379.0;379.0;379.0;
ILHA DOS POMBOS;79.0;79.0;79.0;79.0;79.0;79.0;79.0;79.0;79.0;79.0;79.0;79.0;79.0;79.0;79.0;79.0;79.0;79.0;79.0;79.0;79.0;79.0;79.0;79.0;79.0;79.0;79.0;79.0;79.0;79.0;79.0;79.0;79.0;79.0;79.0;79.0;79.0;79.0;79.0;79.0;79.0;79.0;79.0;79.0;79.0;79.0;79.0;79.0;
CORUMBÁ IV;85.0;85.0;85.0;85.0;85.0;85.0;85.0;85.0;85.0;85.0;85.0;85.0;85.0;85.0;85.0;85.0;85.0;85.0;85.0;85.0;85.0;85.0;85.0;85.0;85.0;85.0;85.0;85.0;85.0;85.0;85.0;85.0;85.0;85.0;85.0;85.0;85.0;85.0;85.0;85.0;85.0;85.0;85.0;85.0;85.0;85.0;85.0;85.0;
CORUMBÁ III;20.0;20.0;20.0;20.0;20.0;20.0;20.0;20.0;20.0;20.0;20.0;20.0;20.0;20.0;20.0;20.0;20.0;20.0;20.0;20.0;20.0;20.0;20.0;20.0;20.0;20.0;20.0;20.0;20.0;20.0;20.0;20.0;20.0;20.0;20.0;20.0;20.0;20.0;20.0;20.0;20.0;20.0;20.0;20.0;20.0;20.0;20.0;20.0;
CORUMBÁ I;175.0;175.0;175.0;175.0;175.0;175.0;175.0;175.0;175.0;175.0;175.0;175.0;175.0;175.0;175.0;175.0;175.0;175.0;175.0;175.0;175.0;175.0;175.0;175.0;175.0;175.0;175.0;175.0;175.0;175.0;175.0;175.0;175.0;175.0;175.0;175.0;175.0;175.0;175.0;175.0;175.0;175.0;175.0;175.0;175.0;175.0;175.0;175.0;
BATALHA;60.0;60.0;60.0;60.0;60.0;60.0;60.0;60.0;60.0;60.0;60.0;60.0;60.0;60.0;60.0;60.0;60.0;60.0;60.0;60.0;60.0;60.0;60.0;60.0;60.0;60.0;60.0;60.0;60.0;60.0;60.0;60.0;60.0;60.0;60.0;60.0;60.0;60.0;60.0;60.0;60.0;60.0;60.0;60.0;60.0;60.0;60.0;60.0;
SERRA DO FACÃO;37.0;37.0;37.0;37.0;37.0;37.0;37.0;37.0;37.0;37.0;37.0;37.0;37.0;37.0;37.0;37.0;37.0;37.0;37.0;37.0;37.0;37.0;37.0;37.0;37.0;37.0;37.0;37.0;37.0;37.0;37.0;37.0;37.0;37.0;37.0;37.0;37.0;37.0;37.0;37.0;37.0;37.0;37.0;37.0;37.0;37.0;37.0;37.0;
NOVA PONTE;200.0;200.0;200.0;200.0;200.0;200.0;200.0;200.0;200.0;200.0;200.0;200.0;200.0;200.0;200.0;200.0;200.0;200.0;200.0;200.0;200.0;200.0;200.0;200.0;200.0;200.0;200.0;200.0;200.0;200.0;200.0;200.0;200.0;200.0;200.0;200.0;200.0;200.0;200.0;200.0;200.0;200.0;200.0;200.0;200.0;200.0;200.0;200.0;
MIRANDA;7.0;7.0;7.0;7.0;7.0;7.0;7.0;7.0;7.0;7.0;7.0;7.0;7.0;7.0;7.0;7.0;7.0;7.0;7.0;7.0;7.0;7.0;7.0;7.0;7.0;7.0;7.0;7.0;7.0;7.0;7.0;7.0;7.0;7.0;7.0;7.0;7.0;7.0;7.0;7.0;7.0;7.0;7.0;7.0;7.0;7.0;7.0;7.0;
AMADOR AGUIAR I;1.0;1.0;1.0;1.0;1.0;1.0;1.0;1.0;1.0;1.0;1.0;1.0;1.0;1.0;1.0;1.0;1.0;1.0;1.0;1.0;1.0;1.0;1.0;1.0;1.0;1.0;1.0;1.0;1.0;1.0;1.0;1.0;1.0;1.0;1.0;1.0;1.0;1.0;1.0;1.0;1.0;1.0;1.0;1.0;1.0;1.0;1.0;1.0;
AMADOR AGUIAR II;2.0;2.0;2.0;2.0;2.0;2.0;2.0;2.0;2.0;2.0;2.0;2.0;2.0;2.0;2.0;2.0;2.0;2.0;2.0;2.0;2.0;2.0;2.0;2.0;2.0;2.0;2.0;2.0;2.0;2.0;2.0;2.0;2.0;2.0;2.0;2.0;2.0;2.0;2.0;2.0;2.0;2.0;2.0;2.0;2.0;2.0;2.0;2.0;
ESPORA;82.0;82.0;82.0;82.0;82.0;82.0;82.0;82.0;82.0;82.0;82.0;82.0;82.0;82.0;82.0;82.0;82.0;82.0;82.0;82.0;82.0;82.0;82.0;82.0;82.0;82.0;82.0;82.0;82.0;82.0;82.0;82.0;82.0;82.0;82.0;82.0;82.0;82.0;82.0;82.0;82.0;82.0;82.0;82.0;82.0;82.0;82.0;82.0;
SALTO;184.0;184.0;184.0;184.0;184.0;184.0;184.0;184.0;184.0;184.0;184.0;184.0;184.0;184.0;184.0;184.0;184.0;184.0;184.0;184.0;184.0;184.0;184.0;184.0;184.0;184.0;184.0;184.0;184.0;184.0;184.0;184.0;184.0;184.0;184.0;184.0;184.0;184.0;184.0;184.0;184.0;184.0;184.0;184.0;184.0;184.0;184.0;184.0;
SALTO DO RIO VERDINHO;15.0;15.0;15.0;15.0;15.0;15.0;15.0;15.0;15.0;15.0;15.0;15.0;15.0;15.0;15.0;15.0;15.0;15.0;15.0;15.0;15.0;15.0;15.0;15.0;15.0;15.0;15.0;15.0;15.0;15.0;15.0;15.0;15.0;15.0;15.0;15.0;15.0;15.0;15.0;15.0;15.0;15.0;15.0;15.0;15.0;15.0;15.0;15.0;
CAÇU;135.0;135.0;135.0;135.0;135.0;135.0;135.0;135.0;135.0;135.0;135.0;135.0;135.0;135.0;135.0;135.0;135.0;135.0;135.0;135.0;135.0;135.0;135.0;135.0;135.0;135.0;135.0;135.0;135.0;135.0;135.0;135.0;135.0;135.0;135.0;135.0;135.0;135.0;135.0;135.0;135.0;135.0;135.0;135.0;135.0;135.0;135.0;135.0;
BARRA DOS COQUEIROS;6.0;6.0;6.0;6.0;6.0;6.0;6.0;6.0;6.0;6.0;6.0;6.0;6.0;6.0;6.0;6.0;6.0;6.0;6.0;6.0;6.0;6.0;6.0;6.0;6.0;6.0;6.0;6.0;6.0;6.0;6.0;6.0;6.0;6.0;6.0;6.0;6.0;6.0;6.0;6.0;6.0;6.0;6.0;6.0;6.0;6.0;6.0;6.0;
FOZ DO RIO CLARO;10.0;10.0;10.0;10.0;10.0;10.0;10.0;10.0;10.0;10.0;10.0;10.0;10.0;10.0;10.0;10.0;10.0;10.0;10.0;10.0;10.0;10.0;10.0;10.0;10.0;10.0;10.0;10.0;10.0;10.0;10.0;10.0;10.0;10.0;10.0;10.0;10.0;10.0;10.0;10.0;10.0;10.0;10.0;10.0;10.0;10.0;10.0;10.0;
CAMARGOS;76.0;76.0;76.0;76.0;76.0;76.0;76.0;76.0;76.0;76.0;76.0;76.0;76.0;76.0;76.0;76.0;76.0;76.0;76.0;76.0;76.0;76.0;76.0;76.0;76.0;76.0;76.0;76.0;76.0;76.0;76.0;76.0;76.0;76.0;76.0;76.0;76.0;76.0;76.0;76.0;76.0;76.0;76.0;76.0;76.0;76.0;76.0;76.0;
ITUTINGA;0.0;0.0;0.0;0.0;0.0;0.0;0.0;0.0;0.0;0.0;0.0;0.0;0.0;0.0;0.0;0.0;0.0;0.0;0.0;0.0;0.0;0.0;0.0;0.0;0.0;0.0;0.0;0.0;0.0;0.0;0.0;0.0;0.0;0.0;0.0;0.0;0.0;0.0;0.0;0.0;0.0;0.0;0.0;0.0;0.0;0.0;0.0;0.0;
FUNIL - GRANDE;83.0;83.0;83.0;83.0;83.0;83.0;83.0;83.0;83.0;83.0;83.0;83.0;83.0;83.0;83.0;83.0;83.0;83.0;83.0;83.0;83.0;83.0;83.0;83.0;83.0;83.0;83.0;83.0;83.0;83.0;83.0;83.0;83.0;83.0;83.0;83.0;83.0;83.0;83.0;83.0;83.0;83.0;83.0;83.0;83.0;83.0;83.0;83.0;
MASCARENHAS DE MORAES;76.0;76.0;76.0;76.0;76.0;76.0;76.0;76.0;76.0;76.0;76.0;76.0;76.0;76.0;76.0;76.0;76.0;76.0;76.0;76.0;76.0;76.0;76.0;76.0;76.0;76.0;76.0;76.0;76.0;76.0;76.0;76.0;76.0;76.0;76.0;76.0;76.0;76.0;76.0;76.0;76.0;76.0;76.0;76.0;76.0;76.0;76.0;76.0;
JAGUARA;7.0;7.0;7.0;7.0;7.0;7.0;7.0;7.0;7.0;7.0;7.0;7.0;7.0;7.0;7.0;7.0;7.0;7.0;7.0;7.0;7.0;7.0;7.0;7.0;7.0;7.0;7.0;7.0;7.0;7.0;7.0;7.0;7.0;7.0;7.0;7.0;7.0;7.0;7.0;7.0;7.0;7.0;7.0;7.0;7.0;7.0;7.0;7.0;
IGARAPAVA;21.0;21.0;21.0;21.0;21.0;21.0;21.0;21.0;21.0;21.0;21.0;21.0;21.0;21.0;21.0;21.0;21.0;21.0;21.0;21.0;21.0;21.0;21.0;21.0;21.0;21.0;21.0;21.0;21.0;21.0;21.0;21.0;21.0;21.0;21.0;21.0;21.0;21.0;21.0;21.0;21.0;21.0;21.0;21.0;21.0;21.0;21.0;21.0;
VOLTA GRANDE;46.0;46.0;46.0;46.0;46.0;46.0;46.0;46.0;46.0;46.0;46.0;46.0;46.0;46.0;46.0;46.0;46.0;46.0;46.0;46.0;46.0;46.0;46.0;46.0;46.0;46.0;46.0;46.0;46.0;46.0;46.0;46.0;46.0;46.0;46.0;46.0;46.0;46.0;46.0;46.0;46.0;46.0;46.0;46.0;46.0;46.0;46.0;46.0;
PORTO COLÔMBIA;88.0;88.0;88.0;88.0;88.0;88.0;88.0;88.0;88.0;88.0;88.0;88.0;88.0;88.0;88.0;88.0;88.0;88.0;88.0;88.0;88.0;88.0;88.0;88.0;88.0;88.0;88.0;88.0;88.0;88.0;88.0;88.0;88.0;88.0;88.0;88.0;88.0;88.0;88.0;88.0;88.0;88.0;88.0;88.0;88.0;88.0;88.0;88.0;
CACONDE;32.0;32.0;32.0;32.0;32.0;32.0;32.0;32.0;32.0;32.0;32.0;32.0;32.0;32.0;32.0;32.0;32.0;32.0;32.0;32.0;32.0;32.0;32.0;32.0;32.0;32.0;32.0;32.0;32.0;32.0;32.0;32.0;32.0;32.0;32.0;32.0;32.0;32.0;32.0;32.0;32.0;32.0;32.0;32.0;32.0;32.0;32.0;32.0;
E. DA CUNHA;21.0;21.0;21.0;21.0;21.0;21.0;21.0;21.0;21.0;21.0;21.0;21.0;21.0;21.0;21.0;21.0;21.0;21.0;21.0;21.0;21.0;21.0;21.0;21.0;21.0;21.0;21.0;21.0;21.0;21.0;21.0;21.0;21.0;21.0;21.0;21.0;21.0;21.0;21.0;21.0;21.0;21.0;21.0;21.0;21.0;21.0;21.0;21.0;
A. S. OLIVEIRA;1.0;1.0;1.0;1.0;1.0;1.0;1.0;1.0;1.0;1.0;1.0;1.0;1.0;1.0;1.0;1.0;1.0;1.0;1.0;1.0;1.0;1.0;1.0;1.0;1.0;1.0;1.0;1.0;1.0;1.0;1.0;1.0;1.0;1.0;1.0;1.0;1.0;1.0;1.0;1.0;1.0;1.0;1.0;1.0;1.0;1.0;1.0;1.0;
SÃO DOMINGOS;136.0;136.0;136.0;136.0;136.0;136.0;136.0;136.0;136.0;136.0;136.0;136.0;136.0;136.0;136.0;136.0;136.0;136.0;136.0;136.0;136.0;136.0;136.0;136.0;136.0;136.0;136.0;136.0;136.0;136.0;136.0;136.0;136.0;136.0;136.0;136.0;136.0;136.0;136.0;136.0;136.0;136.0;136.0;136.0;136.0;136.0;136.0;136.0;
GUARAPIRANGA;16.0;16.0;16.0;16.0;16.0;16.0;16.0;16.0;16.0;16.0;16.0;16.0;16.0;16.0;16.0;16.0;16.0;16.0;16.0;16.0;16.0;16.0;16.0;16.0;16.0;16.0;16.0;16.0;16.0;16.0;16.0;16.0;16.0;16.0;16.0;16.0;16.0;16.0;16.0;16.0;16.0;16.0;16.0;16.0;16.0;16.0;16.0;16.0;
BILLINGS;19.0;19.0;19.0;19.0;19.0;19.0;19.0;19.0;19.0;19.0;19.0;19.0;19.0;19.0;19.0;19.0;19.0;19.0;19.0;19.0;19.0;19.0;19.0;19.0;19.0;19.0;19.0;19.0;19.0;19.0;19.0;19.0;19.0;19.0;19.0;19.0;19.0;19.0;19.0;19.0;19.0;19.0;19.0;19.0;19.0;19.0;19.0;19.0;
PEDREIRA;0.0;0.0;0.0;0.0;0.0;0.0;0.0;0.0;0.0;0.0;0.0;0.0;0.0;0.0;0.0;0.0;0.0;0.0;0.0;0.0;0.0;0.0;0.0;0.0;0.0;0.0;0.0;0.0;0.0;0.0;0.0;0.0;0.0;0.0;0.0;0.0;0.0;0.0;0.0;0.0;0.0;0.0;0.0;0.0;0.0;0.0;0.0;0.0;
TRAIÇÃO;0.0;0.0;0.0;0.0;0.0;0.0;0.0;0.0;0.0;0.0;0.0;0.0;0.0;0.0;0.0;0.0;0.0;0.0;0.0;0.0;0.0;0.0;0.0;0.0;0.0;0.0;0.0;0.0;0.0;0.0;0.0;0.0;0.0;0.0;0.0;0.0;0.0;0.0;0.0;0.0;0.0;0.0;0.0;0.0;0.0;0.0;0.0;0.0;
EDGARD DE SOUZA;81.0;81.0;81.0;81.0;81.0;81.0;81.0;81.0;81.0;81.0;81.0;81.0;81.0;81.0;81.0;81.0;81.0;81.0;81.0;81.0;81.0;81.0;81.0;81.0;81.0;81.0;81.0;81.0;81.0;81.0;81.0;81.0;81.0;81.0;81.0;81.0;81.0;81.0;81.0;81.0;81.0;81.0;81.0;81.0;81.0;81.0;81.0;81.0;
BARRA BONITA;247.0;247.0;247.0;247.0;247.0;247.0;247.0;247.0;247.0;247.0;247.0;247.0;247.0;247.0;247.0;247.0;247.0;247.0;247.0;247.0;247.0;247.0;247.0;247.0;247.0;247.0;247.0;247.0;247.0;247.0;247.0;247.0;247.0;247.0;247.0;247.0;247.0;247.0;247.0;247.0;247.0;247.0;247.0;247.0;247.0;247.0;247.0;247.0;
BARIRI;59.0;59.0;59.0;59.0;59.0;59.0;59.0;59.0;59.0;59.0;59.0;59.0;59.0;59.0;59.0;59.0;59.0;59.0;59.0;59.0;59.0;59.0;59.0;59.0;59.0;59.0;59.0;59.0;59.0;59.0;59.0;59.0;59.0;59.0;59.0;59.0;59.0;59.0;59.0;59.0;59.0;59.0;59.0;59.0;59.0;59.0;59.0;59.0;
IBITINGA;114.0;114.0;114.0;114.0;114.0;114.0;114.0;114.0;114.0;114.0;114.0;114.0;114.0;114.0;114.0;114.0;114.0;114.0;114.0;114.0;114.0;114.0;114.0;114.0;114.0;114.0;114.0;114.0;114.0;114.0;114.0;114.0;114.0;114.0;114.0;114.0;114.0;114.0;114.0;114.0;114.0;114.0;114.0;114.0;114.0;114.0;114.0;114.0;
PROMISSÃO;57.0;57.0;57.0;57.0;57.0;57.0;57.0;57.0;57.0;57.0;57.0;57.0;57.0;57.0;57.0;57.0;57.0;57.0;57.0;57.0;57.0;57.0;57.0;57.0;57.0;57.0;57.0;57.0;57.0;57.0;57.0;57.0;57.0;57.0;57.0;57.0;57.0;57.0;57.0;57.0;57.0;57.0;57.0;57.0;57.0;57.0;57.0;57.0;
N.AVANHANDAVA;23.0;23.0;23.0;23.0;23.0;23.0;23.0;23.0;23.0;23.0;23.0;23.0;23.0;23.0;23.0;23.0;23.0;23.0;23.0;23.0;23.0;23.0;23.0;23.0;23.0;23.0;23.0;23.0;23.0;23.0;23.0;23.0;23.0;23.0;23.0;23.0;23.0;23.0;23.0;23.0;23.0;23.0;23.0;23.0;23.0;23.0;23.0;23.0;
HENRY BORDEN;0.0;0.0;0.0;0.0;0.0;0.0;0.0;0.0;0.0;0.0;0.0;0.0;0.0;0.0;0.0;0.0;0.0;0.0;0.0;0.0;0.0;0.0;0.0;0.0;0.0;0.0;0.0;0.0;0.0;0.0;0.0;0.0;0.0;0.0;0.0;0.0;0.0;0.0;0.0;0.0;0.0;0.0;0.0;0.0;0.0;0.0;0.0;0.0;
JURUMIRIM;275.0;275.0;275.0;275.0;275.0;275.0;275.0;275.0;275.0;275.0;275.0;275.0;275.0;275.0;275.0;275.0;275.0;275.0;275.0;275.0;275.0;275.0;275.0;275.0;275.0;275.0;275.0;275.0;275.0;275.0;275.0;275.0;275.0;275.0;275.0;275.0;275.0;275.0;275.0;275.0;275.0;275.0;275.0;275.0;275.0;275.0;275.0;275.0;
PIRAJU;4.0;4.0;4.0;4.0;4.0;4.0;4.0;4.0;4.0;4.0;4.0;4.0;4.0;4.0;4.0;4.0;4.0;4.0;4.0;4.0;4.0;4.0;4.0;4.0;4.0;4.0;4.0;4.0;4.0;4.0;4.0;4.0;4.0;4.0;4.0;4.0;4.0;4.0;4.0;4.0;4.0;4.0;4.0;4.0;4.0;4.0;4.0;4.0;
OURINHOS;3.0;3.0;3.0;3.0;3.0;3.0;3.0;3.0;3.0;3.0;3.0;3.0;3.0;3.0;3.0;3.0;3.0;3.0;3.0;3.0;3.0;3.0;3.0;3.0;3.0;3.0;3.0;3.0;3.0;3.0;3.0;3.0;3.0;3.0;3.0;3.0;3.0;3.0;3.0;3.0;3.0;3.0;3.0;3.0;3.0;3.0;3.0;3.0;
L. N. GARCEZ;77.0;77.0;77.0;77.0;77.0;77.0;77.0;77.0;77.0;77.0;77.0;77.0;77.0;77.0;77.0;77.0;77.0;77.0;77.0;77.0;77.0;77.0;77.0;77.0;77.0;77.0;77.0;77.0;77.0;77.0;77.0;77.0;77.0;77.0;77.0;77.0;77.0;77.0;77.0;77.0;77.0;77.0;77.0;77.0;77.0;77.0;77.0;77.0;
CANOAS II;6.0;6.0;6.0;6.0;6.0;6.0;6.0;6.0;6.0;6.0;6.0;6.0;6.0;6.0;6.0;6.0;6.0;6.0;6.0;6.0;6.0;6.0;6.0;6.0;6.0;6.0;6.0;6.0;6.0;6.0;6.0;6.0;6.0;6.0;6.0;6.0;6.0;6.0;6.0;6.0;6.0;6.0;6.0;6.0;6.0;6.0;6.0;6.0;
CANOAS I;13.0;13.0;13.0;13.0;13.0;13.0;13.0;13.0;13.0;13.0;13.0;13.0;13.0;13.0;13.0;13.0;13.0;13.0;13.0;13.0;13.0;13.0;13.0;13.0;13.0;13.0;13.0;13.0;13.0;13.0;13.0;13.0;13.0;13.0;13.0;13.0;13.0;13.0;13.0;13.0;13.0;13.0;13.0;13.0;13.0;13.0;13.0;13.0;
MAUÁ;471.0;471.0;471.0;471.0;471.0;471.0;471.0;471.0;471.0;471.0;471.0;471.0;471.0;471.0;471.0;471.0;471.0;471.0;471.0;471.0;471.0;471.0;471.0;471.0;471.0;471.0;471.0;471.0;471.0;471.0;471.0;471.0;471.0;471.0;471.0;471.0;471.0;471.0;471.0;471.0;471.0;471.0;471.0;471.0;471.0;471.0;471.0;471.0;
SANTA CLARA - PR;467.0;467.0;467.0;467.0;467.0;467.0;467.0;467.0;467.0;467.0;467.0;467.0;467.0;467.0;467.0;467.0;467.0;467.0;467.0;467.0;467.0;467.0;467.0;467.0;467.0;467.0;467.0;467.0;467.0;467.0;467.0;467.0;467.0;467.0;467.0;467.0;467.0;467.0;467.0;467.0;467.0;467.0;467.0;467.0;467.0;467.0;467.0;467.0;
FUNDÃO;25.0;25.0;25.0;25.0;25.0;25.0;25.0;25.0;25.0;25.0;25.0;25.0;25.0;25.0;25.0;25.0;25.0;25.0;25.0;25.0;25.0;25.0;25.0;25.0;25.0;25.0;25.0;25.0;25.0;25.0;25.0;25.0;25.0;25.0;25.0;25.0;25.0;25.0;25.0;25.0;25.0;25.0;25.0;25.0;25.0;25.0;25.0;25.0;
JORDÃO;100.0;100.0;100.0;100.0;100.0;100.0;100.0;100.0;100.0;100.0;100.0;100.0;100.0;100.0;100.0;100.0;100.0;100.0;100.0;100.0;100.0;100.0;100.0;100.0;100.0;100.0;100.0;100.0;100.0;100.0;100.0;100.0;100.0;100.0;100.0;100.0;100.0;100.0;100.0;100.0;100.0;100.0;100.0;100.0;100.0;100.0;100.0;100.0;
BAIXO IGUAÇU;35.0;35.0;35.0;35.0;35.0;35.0;35.0;35.0;35.0;35.0;35.0;35.0;35.0;35.0;35.0;35.0;35.0;35.0;35.0;35.0;35.0;35.0;35.0;35.0;35.0;35.0;35.0;35.0;35.0;35.0;35.0;35.0;35.0;35.0;35.0;35.0;35.0;35.0;35.0;35.0;35.0;35.0;35.0;35.0;35.0;35.0;35.0;35.0;
MANSO;489.0;489.0;489.0;489.0;489.0;489.0;489.0;489.0;489.0;489.0;489.0;489.0;489.0;489.0;489.0;489.0;489.0;489.0;489.0;489.0;489.0;489.0;489.0;489.0;489.0;489.0;489.0;489.0;489.0;489.0;489.0;489.0;489.0;489.0;489.0;489.0;489.0;489.0;489.0;489.0;489.0;489.0;489.0;489.0;489.0;489.0;489.0;489.0;
ITIQUIRA I;106.0;106.0;106.0;106.0;106.0;106.0;106.0;106.0;106.0;106.0;106.0;106.0;106.0;106.0;106.0;106.0;106.0;106.0;106.0;106.0;106.0;106.0;106.0;106.0;106.0;106.0;106.0;106.0;106.0;106.0;106.0;106.0;106.0;106.0;106.0;106.0;106.0;106.0;106.0;106.0;106.0;106.0;106.0;106.0;106.0;106.0;106.0;106.0;
ITIQUIRA II;0.0;0.0;0.0;0.0;0.0;0.0;0.0;0.0;0.0;0.0;0.0;0.0;0.0;0.0;0.0;0.0;0.0;0.0;0.0;0.0;0.0;0.0;0.0;0.0;0.0;0.0;0.0;0.0;0.0;0.0;0.0;0.0;0.0;0.0;0.0;0.0;0.0;0.0;0.0;0.0;0.0;0.0;0.0;0.0;0.0;0.0;0.0;0.0;
PONTE PEDRA;100.0;100.0;100.0;100.0;100.0;100.0;100.0;100.0;100.0;100.0;100.0;100.0;100.0;100.0;100.0;100.0;100.0;100.0;100.0;100.0;100.0;100.0;100.0;100.0;100.0;100.0;100.0;100.0;100.0;100.0;100.0;100.0;100.0;100.0;100.0;100.0;100.0;100.0;100.0;100.0;100.0;100.0;100.0;100.0;100.0;100.0;100.0;100.0;
JAURU;72.0;72.0;72.0;72.0;72.0;72.0;72.0;72.0;72.0;72.0;72.0;72.0;72.0;72.0;72.0;72.0;72.0;72.0;72.0;72.0;72.0;72.0;72.0;72.0;72.0;72.0;72.0;72.0;72.0;72.0;72.0;72.0;72.0;72.0;72.0;72.0;72.0;72.0;72.0;72.0;72.0;72.0;72.0;72.0;72.0;72.0;72.0;72.0;
PASSO FUNDO;132.0;132.0;132.0;132.0;132.0;132.0;132.0;132.0;132.0;132.0;132.0;132.0;132.0;132.0;132.0;132.0;132.0;132.0;132.0;132.0;132.0;132.0;132.0;132.0;132.0;132.0;132.0;132.0;132.0;132.0;132.0;132.0;132.0;132.0;132.0;132.0;132.0;132.0;132.0;132.0;132.0;132.0;132.0;132.0;132.0;132.0;132.0;132.0;
MONJOLINHO;93.0;93.0;93.0;93.0;93.0;93.0;93.0;93.0;93.0;93.0;93.0;93.0;93.0;93.0;93.0;93.0;93.0;93.0;93.0;93.0;93.0;93.0;93.0;93.0;93.0;93.0;93.0;93.0;93.0;93.0;93.0;93.0;93.0;93.0;93.0;93.0;93.0;93.0;93.0;93.0;93.0;93.0;93.0;93.0;93.0;93.0;93.0;93.0;
GARIBALDI;901.0;901.0;901.0;901.0;901.0;901.0;901.0;901.0;901.0;901.0;901.0;901.0;901.0;901.0;901.0;901.0;901.0;901.0;901.0;901.0;901.0;901.0;901.0;901.0;901.0;901.0;901.0;901.0;901.0;901.0;901.0;901.0;901.0;901.0;901.0;901.0;901.0;901.0;901.0;901.0;901.0;901.0;901.0;901.0;901.0;901.0;901.0;901.0;
QUEBRA-QUEIXO;235.0;235.0;235.0;235.0;235.0;235.0;235.0;235.0;235.0;235.0;235.0;235.0;235.0;235.0;235.0;235.0;235.0;235.0;235.0;235.0;235.0;235.0;235.0;235.0;235.0;235.0;235.0;235.0;235.0;235.0;235.0;235.0;235.0;235.0;235.0;235.0;235.0;235.0;235.0;235.0;235.0;235.0;235.0;235.0;235.0;235.0;235.0;235.0;
SÃO JOSÉ;238.0;238.0;238.0;238.0;238.0;238.0;238.0;238.0;238.0;238.0;238.0;238.0;238.0;238.0;238.0;238.0;238.0;238.0;238.0;238.0;238.0;238.0;238.0;238.0;238.0;238.0;238.0;238.0;238.0;238.0;238.0;238.0;238.0;238.0;238.0;238.0;238.0;238.0;238.0;238.0;238.0;238.0;238.0;238.0;238.0;238.0;238.0;238.0;
PASSO S. JOÃO;9.0;9.0;9.0;9.0;9.0;9.0;9.0;9.0;9.0;9.0;9.0;9.0;9.0;9.0;9.0;9.0;9.0;9.0;9.0;9.0;9.0;9.0;9.0;9.0;9.0;9.0;9.0;9.0;9.0;9.0;9.0;9.0;9.0;9.0;9.0;9.0;9.0;9.0;9.0;9.0;9.0;9.0;9.0;9.0;9.0;9.0;9.0;9.0;
FOZ DO CHAPECÓ;347.0;347.0;347.0;347.0;347.0;347.0;347.0;347.0;347.0;347.0;347.0;347.0;347.0;347.0;347.0;347.0;347.0;347.0;347.0;347.0;347.0;347.0;347.0;347.0;347.0;347.0;347.0;347.0;347.0;347.0;347.0;347.0;347.0;347.0;347.0;347.0;347.0;347.0;347.0;347.0;347.0;347.0;347.0;347.0;347.0;347.0;347.0;347.0;
ERNESTINA;61.0;61.0;61.0;61.0;61.0;61.0;61.0;61.0;61.0;61.0;61.0;61.0;61.0;61.0;61.0;61.0;61.0;61.0;61.0;61.0;61.0;61.0;61.0;61.0;61.0;61.0;61.0;61.0;61.0;61.0;61.0;61.0;61.0;61.0;61.0;61.0;61.0;61.0;61.0;61.0;61.0;61.0;61.0;61.0;61.0;61.0;61.0;61.0;
PASSO REAL;78.0;78.0;78.0;78.0;78.0;78.0;78.0;78.0;78.0;78.0;78.0;78.0;78.0;78.0;78.0;78.0;78.0;78.0;78.0;78.0;78.0;78.0;78.0;78.0;78.0;78.0;78.0;78.0;78.0;78.0;78.0;78.0;78.0;78.0;78.0;78.0;78.0;78.0;78.0;78.0;78.0;78.0;78.0;78.0;78.0;78.0;78.0;78.0;
JACUÍ;2.0;2.0;2.0;2.0;2.0;2.0;2.0;2.0;2.0;2.0;2.0;2.0;2.0;2.0;2.0;2.0;2.0;2.0;2.0;2.0;2.0;2.0;2.0;2.0;2.0;2.0;2.0;2.0;2.0;2.0;2.0;2.0;2.0;2.0;2.0;2.0;2.0;2.0;2.0;2.0;2.0;2.0;2.0;2.0;2.0;2.0;2.0;2.0;
ITAÚBA;39.0;39.0;39.0;39.0;39.0;39.0;39.0;39.0;39.0;39.0;39.0;39.0;39.0;39.0;39.0;39.0;39.0;39.0;39.0;39.0;39.0;39.0;39.0;39.0;39.0;39.0;39.0;39.0;39.0;39.0;39.0;39.0;39.0;39.0;39.0;39.0;39.0;39.0;39.0;39.0;39.0;39.0;39.0;39.0;39.0;39.0;39.0;39.0;
DONA FRANCISCA;44.0;44.0;44.0;44.0;44.0;44.0;44.0;44.0;44.0;44.0;44.0;44.0;44.0;44.0;44.0;44.0;44.0;44.0;44.0;44.0;44.0;44.0;44.0;44.0;44.0;44.0;44.0;44.0;44.0;44.0;44.0;44.0;44.0;44.0;44.0;44.0;44.0;44.0;44.0;44.0;44.0;44.0;44.0;44.0;44.0;44.0;44.0;44.0;
CASTRO ALVES;390.0;390.0;390.0;390.0;390.0;390.0;390.0;390.0;390.0;390.0;390.0;390.0;390.0;390.0;390.0;390.0;390.0;390.0;390.0;390.0;390.0;390.0;390.0;390.0;390.0;390.0;390.0;390.0;390.0;390.0;390.0;390.0;390.0;390.0;390.0;390.0;390.0;390.0;390.0;390.0;390.0;390.0;390.0;390.0;390.0;390.0;390.0;390.0;
MONTE CLARO;67.0;67.0;67.0;67.0;67.0;67.0;67.0;67.0;67.0;67.0;67.0;67.0;67.0;67.0;67.0;67.0;67.0;67.0;67.0;67.0;67.0;67.0;67.0;67.0;67.0;67.0;67.0;67.0;67.0;67.0;67.0;67.0;67.0;67.0;67.0;67.0;67.0;67.0;67.0;67.0;67.0;67.0;67.0;67.0;67.0;67.0;67.0;67.0;
14 DE JULHO;9.0;9.0;9.0;9.0;9.0;9.0;9.0;9.0;9.0;9.0;9.0;9.0;9.0;9.0;9.0;9.0;9.0;9.0;9.0;9.0;9.0;9.0;9.0;9.0;9.0;9.0;9.0;9.0;9.0;9.0;9.0;9.0;9.0;9.0;9.0;9.0;9.0;9.0;9.0;9.0;9.0;9.0;9.0;9.0;9.0;9.0;9.0;9.0;
SALTO PILÃO;389.0;389.0;389.0;389.0;389.0;389.0;389.0;389.0;389.0;389.0;389.0;389.0;389.0;389.0;389.0;389.0;389.0;389.0;389.0;389.0;389.0;389.0;389.0;389.0;389.0;389.0;389.0;389.0;389.0;389.0;389.0;389.0;389.0;389.0;389.0;389.0;389.0;389.0;389.0;389.0;389.0;389.0;389.0;389.0;389.0;389.0;389.0;389.0;
CAPIVARI-CACHOEIRA;14.0;14.0;14.0;14.0;14.0;14.0;14.0;14.0;14.0;14.0;14.0;14.0;14.0;14.0;14.0;14.0;14.0;14.0;14.0;14.0;14.0;14.0;14.0;14.0;14.0;14.0;14.0;14.0;14.0;14.0;14.0;14.0;14.0;14.0;14.0;14.0;14.0;14.0;14.0;14.0;14.0;14.0;14.0;14.0;14.0;14.0;14.0;14.0;
ROSAL;57.0;57.0;57.0;57.0;57.0;57.0;57.0;57.0;57.0;57.0;57.0;57.0;57.0;57.0;57.0;57.0;57.0;57.0;57.0;57.0;57.0;57.0;57.0;57.0;57.0;57.0;57.0;57.0;57.0;57.0;57.0;57.0;57.0;57.0;57.0;57.0;57.0;57.0;57.0;57.0;57.0;57.0;57.0;57.0;57.0;57.0;57.0;57.0;
GUILMAN-AMORIM;49.0;49.0;49.0;49.0;49.0;49.0;49.0;49.0;49.0;49.0;49.0;49.0;49.0;49.0;49.0;49.0;49.0;49.0;49.0;49.0;49.0;49.0;49.0;49.0;49.0;49.0;49.0;49.0;49.0;49.0;49.0;49.0;49.0;49.0;49.0;49.0;49.0;49.0;49.0;49.0;49.0;49.0;49.0;49.0;49.0;49.0;49.0;49.0;
SÁ CARVALHO;5.0;5.0;5.0;5.0;5.0;5.0;5.0;5.0;5.0;5.0;5.0;5.0;5.0;5.0;5.0;5.0;5.0;5.0;5.0;5.0;5.0;5.0;5.0;5.0;5.0;5.0;5.0;5.0;5.0;5.0;5.0;5.0;5.0;5.0;5.0;5.0;5.0;5.0;5.0;5.0;5.0;5.0;5.0;5.0;5.0;5.0;5.0;5.0;
CANDONGA;125.0;125.0;125.0;125.0;125.0;125.0;125.0;125.0;125.0;125.0;125.0;125.0;125.0;125.0;125.0;125.0;125.0;125.0;125.0;125.0;125.0;125.0;125.0;125.0;125.0;125.0;125.0;125.0;125.0;125.0;125.0;125.0;125.0;125.0;125.0;125.0;125.0;125.0;125.0;125.0;125.0;125.0;125.0;125.0;125.0;125.0;125.0;125.0;
BAGUARI;138.0;138.0;138.0;138.0;138.0;138.0;138.0;138.0;138.0;138.0;138.0;138.0;138.0;138.0;138.0;138.0;138.0;138.0;138.0;138.0;138.0;138.0;138.0;138.0;138.0;138.0;138.0;138.0;138.0;138.0;138.0;138.0;138.0;138.0;138.0;138.0;138.0;138.0;138.0;138.0;138.0;138.0;138.0;138.0;138.0;138.0;138.0;138.0;
AIMORÉS;245.0;245.0;245.0;245.0;245.0;245.0;245.0;245.0;245.0;245.0;245.0;245.0;245.0;245.0;245.0;245.0;245.0;245.0;245.0;245.0;245.0;245.0;245.0;245.0;245.0;245.0;245.0;245.0;245.0;245.0;245.0;245.0;245.0;245.0;245.0;245.0;245.0;245.0;245.0;245.0;245.0;245.0;245.0;245.0;245.0;245.0;245.0;245.0;
MASCARENHAS;116.0;116.0;116.0;116.0;116.0;116.0;116.0;116.0;116.0;116.0;116.0;116.0;116.0;116.0;116.0;116.0;116.0;116.0;116.0;116.0;116.0;116.0;116.0;116.0;116.0;116.0;116.0;116.0;116.0;116.0;116.0;116.0;116.0;116.0;116.0;116.0;116.0;116.0;116.0;116.0;116.0;116.0;116.0;116.0;116.0;116.0;116.0;116.0;
SALTO GRANDE;136.0;136.0;136.0;136.0;136.0;136.0;136.0;136.0;136.0;136.0;136.0;136.0;136.0;136.0;136.0;136.0;136.0;136.0;136.0;136.0;136.0;136.0;136.0;136.0;136.0;136.0;136.0;136.0;136.0;136.0;136.0;136.0;136.0;136.0;136.0;136.0;136.0;136.0;136.0;136.0;136.0;136.0;136.0;136.0;136.0;136.0;136.0;136.0;
PORTO ESTRELA;5.0;5.0;5.0;5.0;5.0;5.0;5.0;5.0;5.0;5.0;5.0;5.0;5.0;5.0;5.0;5.0;5.0;5.0;5.0;5.0;5.0;5.0;5.0;5.0;5.0;5.0;5.0;5.0;5.0;5.0;5.0;5.0;5.0;5.0;5.0;5.0;5.0;5.0;5.0;5.0;5.0;5.0;5.0;5.0;5.0;5.0;5.0;5.0;
SANTA CLARA - MG;15.0;15.0;15.0;15.0;15.0;15.0;15.0;15.0;15.0;15.0;15.0;15.0;15.0;15.0;15.0;15.0;15.0;15.0;15.0;15.0;15.0;15.0;15.0;15.0;15.0;15.0;15.0;15.0;15.0;15.0;15.0;15.0;15.0;15.0;15.0;15.0;15.0;15.0;15.0;15.0;15.0;15.0;15.0;15.0;15.0;15.0;15.0;15.0;
IRAPÉ;91.0;91.0;91.0;91.0;91.0;91.0;91.0;91.0;91.0;91.0;91.0;91.0;91.0;91.0;91.0;91.0;91.0;91.0;91.0;91.0;91.0;91.0;91.0;91.0;91.0;91.0;91.0;91.0;91.0;91.0;91.0;91.0;91.0;91.0;91.0;91.0;91.0;91.0;91.0;91.0;91.0;91.0;91.0;91.0;91.0;91.0;91.0;91.0;
ITAPEBI;190.0;190.0;190.0;190.0;190.0;190.0;190.0;190.0;190.0;190.0;190.0;190.0;190.0;190.0;190.0;190.0;190.0;190.0;190.0;190.0;190.0;190.0;190.0;190.0;190.0;190.0;190.0;190.0;190.0;190.0;190.0;190.0;190.0;190.0;190.0;190.0;190.0;190.0;190.0;190.0;190.0;190.0;190.0;190.0;190.0;190.0;190.0;190.0;
PEDRA DO CAVALO;12.0;12.0;12.0;12.0;12.0;12.0;12.0;12.0;12.0;12.0;12.0;12.0;12.0;12.0;12.0;12.0;12.0;12.0;12.0;12.0;12.0;12.0;12.0;12.0;12.0;12.0;12.0;12.0;12.0;12.0;12.0;12.0;12.0;12.0;12.0;12.0;12.0;12.0;12.0;12.0;12.0;12.0;12.0;12.0;12.0;12.0;12.0;12.0;
RETIRO BAIXO;59.0;59.0;59.0;59.0;59.0;59.0;59.0;59.0;59.0;59.0;59.0;59.0;59.0;59.0;59.0;59.0;59.0;59.0;59.0;59.0;59.0;59.0;59.0;59.0;59.0;59.0;59.0;59.0;59.0;59.0;59.0;59.0;59.0;59.0;59.0;59.0;59.0;59.0;59.0;59.0;59.0;59.0;59.0;59.0;59.0;59.0;59.0;59.0;
QUEIMADO;25.0;25.0;25.0;25.0;25.0;25.0;25.0;25.0;25.0;25.0;25.0;25.0;25.0;25.0;25.0;25.0;25.0;25.0;25.0;25.0;25.0;25.0;25.0;25.0;25.0;25.0;25.0;25.0;25.0;25.0;25.0;25.0;25.0;25.0;25.0;25.0;25.0;25.0;25.0;25.0;25.0;25.0;25.0;25.0;25.0;25.0;25.0;25.0;
BOA ESPERANÇA;471.0;471.0;471.0;471.0;471.0;471.0;471.0;471.0;471.0;471.0;471.0;471.0;471.0;471.0;471.0;471.0;471.0;471.0;471.0;471.0;471.0;471.0;471.0;471.0;471.0;471.0;471.0;471.0;471.0;471.0;471.0;471.0;471.0;471.0;471.0;471.0;471.0;471.0;471.0;471.0;471.0;471.0;471.0;471.0;471.0;471.0;471.0;471.0;
CANA BRAVA;37.0;37.0;37.0;37.0;37.0;37.0;37.0;37.0;37.0;37.0;37.0;37.0;37.0;37.0;37.0;37.0;37.0;37.0;37.0;37.0;37.0;37.0;37.0;37.0;37.0;37.0;37.0;37.0;37.0;37.0;37.0;37.0;37.0;37.0;37.0;37.0;37.0;37.0;37.0;37.0;37.0;37.0;37.0;37.0;37.0;37.0;37.0;37.0;
SÃO SALVADOR;36.0;36.0;36.0;36.0;36.0;36.0;36.0;36.0;36.0;36.0;36.0;36.0;36.0;36.0;36.0;36.0;36.0;36.0;36.0;36.0;36.0;36.0;36.0;36.0;36.0;36.0;36.0;36.0;36.0;36.0;36.0;36.0;36.0;36.0;36.0;36.0;36.0;36.0;36.0;36.0;36.0;36.0;36.0;36.0;36.0;36.0;36.0;36.0;
PEIXE ANGICAL;284.0;284.0;284.0;284.0;284.0;284.0;284.0;284.0;284.0;284.0;284.0;284.0;284.0;284.0;284.0;284.0;284.0;284.0;284.0;284.0;284.0;284.0;284.0;284.0;284.0;284.0;284.0;284.0;284.0;284.0;284.0;284.0;284.0;284.0;284.0;284.0;284.0;284.0;284.0;284.0;284.0;284.0;284.0;284.0;284.0;284.0;284.0;284.0;
DARDANELOS;405.0;405.0;405.0;405.0;405.0;405.0;405.0;405.0;405.0;405.0;405.0;405.0;405.0;405.0;405.0;405.0;405.0;405.0;405.0;405.0;405.0;405.0;405.0;405.0;405.0;405.0;405.0;405.0;405.0;405.0;405.0;405.0;405.0;405.0;405.0;405.0;405.0;405.0;405.0;405.0;405.0;405.0;405.0;405.0;405.0;405.0;405.0;405.0;
RONDON II;117.0;117.0;117.0;117.0;117.0;117.0;117.0;117.0;117.0;117.0;117.0;117.0;117.0;117.0;117.0;117.0;117.0;117.0;117.0;117.0;117.0;117.0;117.0;117.0;117.0;117.0;117.0;117.0;117.0;117.0;117.0;117.0;117.0;117.0;117.0;117.0;117.0;117.0;117.0;117.0;117.0;117.0;117.0;117.0;117.0;117.0;117.0;117.0;
GUAPORÉ;46.0;46.0;46.0;46.0;46.0;46.0;46.0;46.0;46.0;46.0;46.0;46.0;46.0;46.0;46.0;46.0;46.0;46.0;46.0;46.0;46.0;46.0;46.0;46.0;46.0;46.0;46.0;46.0;46.0;46.0;46.0;46.0;46.0;46.0;46.0;46.0;46.0;46.0;46.0;46.0;46.0;46.0;46.0;46.0;46.0;46.0;46.0;46.0;
SAMUEL;675.0;675.0;675.0;675.0;675.0;675.0;675.0;675.0;675.0;675.0;675.0;675.0;675.0;675.0;675.0;675.0;675.0;675.0;675.0;675.0;675.0;675.0;675.0;675.0;675.0;675.0;675.0;675.0;675.0;675.0;675.0;675.0;675.0;675.0;675.0;675.0;675.0;675.0;675.0;675.0;675.0;675.0;675.0;675.0;675.0;675.0;675.0;675.0;
BALBINA;753.0;753.0;753.0;753.0;753.0;753.0;753.0;753.0;753.0;753.0;753.0;753.0;753.0;753.0;753.0;753.0;753.0;753.0;753.0;753.0;753.0;753.0;753.0;753.0;753.0;753.0;753.0;753.0;753.0;753.0;753.0;753.0;753.0;753.0;753.0;753.0;753.0;753.0;753.0;753.0;753.0;753.0;753.0;753.0;753.0;753.0;753.0;753.0;
SANTO ANTÔNIO JARI;670.0;670.0;670.0;670.0;670.0;670.0;670.0;670.0;670.0;670.0;670.0;670.0;670.0;670.0;670.0;670.0;670.0;670.0;670.0;670.0;670.0;670.0;670.0;670.0;670.0;670.0;670.0;670.0;670.0;670.0;670.0;670.0;670.0;670.0;670.0;670.0;670.0;670.0;670.0;670.0;670.0;670.0;670.0;670.0;670.0;670.0;670.0;670.0;
SINOP;1032.0;1032.0;1032.0;1032.0;1032.0;1032.0;1032.0;1032.0;1032.0;1032.0;1032.0;1032.0;1032.0;1032.0;1032.0;1032.0;1032.0;1032.0;1032.0;1032.0;1032.0;1032.0;1032.0;1032.0;1032.0;1032.0;1032.0;1032.0;1032.0;1032.0;1032.0;1032.0;1032.0;1032.0;1032.0;1032.0;1032.0;1032.0;1032.0;1032.0;1032.0;1032.0;1032.0;1032.0;1032.0;1032.0;1032.0;1032.0;
COLÍDER;89.0;89.0;89.0;89.0;89.0;89.0;89.0;89.0;89.0;89.0;89.0;89.0;89.0;89.0;89.0;89.0;89.0;89.0;89.0;89.0;89.0;89.0;89.0;89.0;89.0;89.0;89.0;89.0;89.0;89.0;89.0;89.0;89.0;89.0;89.0;89.0;89.0;89.0;89.0;89.0;89.0;89.0;89.0;89.0;89.0;89.0;89.0;89.0;
SÃO MANOEL;23.0;23.0;23.0;23.0;23.0;23.0;23.0;23.0;23.0;23.0;23.0;23.0;23.0;23.0;23.0;23.0;23.0;23.0;23.0;23.0;23.0;23.0;23.0;23.0;23.0;23.0;23.0;23.0;23.0;23.0;23.0;23.0;23.0;23.0;23.0;23.0;23.0;23.0;23.0;23.0;23.0;23.0;23.0;23.0;23.0;23.0;23.0;23.0;
CURUÁ-UNA;202.0;202.0;202.0;202.0;202.0;202.0;202.0;202.0;202.0;202.0;202.0;202.0;202.0;202.0;202.0;202.0;202.0;202.0;202.0;202.0;202.0;202.0;202.0;202.0;202.0;202.0;202.0;202.0;202.0;202.0;202.0;202.0;202.0;202.0;202.0;202.0;202.0;202.0;202.0;202.0;202.0;202.0;202.0;202.0;202.0;202.0;202.0;202.0;
CACHOEIRA CALDEIRÃO;742.0;742.0;742.0;742.0;742.0;742.0;742.0;742.0;742.0;742.0;742.0;742.0;742.0;742.0;742.0;742.0;742.0;742.0;742.0;742.0;742.0;742.0;742.0;742.0;742.0;742.0;742.0;742.0;742.0;742.0;742.0;742.0;742.0;742.0;742.0;742.0;742.0;742.0;742.0;742.0;742.0;742.0;742.0;742.0;742.0;742.0;742.0;742.0;
COARACY NUNES;2.0;2.0;2.0;2.0;2.0;2.0;2.0;2.0;2.0;2.0;2.0;2.0;2.0;2.0;2.0;2.0;2.0;2.0;2.0;2.0;2.0;2.0;2.0;2.0;2.0;2.0;2.0;2.0;2.0;2.0;2.0;2.0;2.0;2.0;2.0;2.0;2.0;2.0;2.0;2.0;2.0;2.0;2.0;2.0;2.0;2.0;2.0;2.0;
FERREIRA GOMES;6.0;6.0;6.0;6.0;6.0;6.0;6.0;6.0;6.0;6.0;6.0;6.0;6.0;6.0;6.0;6.0;6.0;6.0;6.0;6.0;6.0;6.0;6.0;6.0;6.0;6.0;6.0;6.0;6.0;6.0;6.0;6.0;6.0;6.0;6.0;6.0;6.0;6.0;6.0;6.0;6.0;6.0;6.0;6.0;6.0;6.0;6.0;6.0;
FONTES BC;0.0;0.0;0.0;0.0;0.0;0.0;0.0;0.0;0.0;0.0;0.0;0.0;0.0;0.0;0.0;0.0;0.0;0.0;0.0;0.0;0.0;0.0;0.0;0.0;0.0;0.0;0.0;0.0;0.0;0.0;0.0;0.0;0.0;0.0;0.0;0.0;0.0;0.0;0.0;0.0;0.0;0.0;0.0;0.0;0.0;0.0;0.0;0.0;
