<BEGIN>;Coefficients ($/hm3) and RHS ($) -- alpha + coef*v...>= RHS;;;;;;;;;;;;;;;;;;;;;;;;;;;;;;;;;;;;;;;;;;;;;;;;;;;;;;;;;;;;;;;;;;;;;;;;;;;;;;;;;;;;;;;;;;;;;;;;;;;;;;;;;;;;;;;;;;;;;;;;;;;;;;;;;;;;;;;;;;;;;;;;;;;;;;;;;;;;;;;;;;
cut (j);CAMARGOS;ITUTINGA;FUNIL - GRANDE;FURNAS;MASCARENHAS DE MORAES;LC BARRETO;JAGUARA;IGARAPAVA;VOLTA GRANDE;PORTO COLÔMBIA;CACONDE;E. DA CUNHA;A. S. OLIVEIRA;MARIMBONDO;A. VERMELHA;BATALHA;SERRA DO FACÃO;EMBORCACAO;NOVA PONTE;MIRANDA;AMADOR AGUIAR I;AMADOR AGUIAR II;CORUMBÁ IV;CORUMBÁ I;ITUMBIARA;CACH.DOURADA;SAO SIMAO;I. SOLTEIRA;BARRA BONITA;BARIRI;IBITINGA;PROMISSÃO;N.AVANHANDAVA;TRES IRMAOS;JUPIA;P. PRIMAVERA;JURUMIRIM;PIRAJU;CHAVANTES;L. N. GARCEZ;CANOAS II;CANOAS I;MAUÁ;CAPIVARA;TAQUARUCU;ROSANA;ITAIPU;SANTA CLARA - PR;FUNDÃO;JORDÃO;G.B. MUNHOZ;SEGREDO;SLT.SANTIAGO;SALTO OSORIO;SALTO CAXIAS;BAIXO IGUAÇU;BARRA GRANDE;GARIBALDI;CAMPOS NOVOS;MACHADINHO;ITA;PASSO FUNDO;MONJOLINHO;QUEBRA-QUEIXO;CASTRO ALVES;MONTE CLARO;14 DE JULHO;SÃO JOSÉ;PASSO S. JOÃO;FOZ DO CHAPECÓ;EDGARD DE SOUZA;TRAIÇÃO;PEDREIRA;ERNESTINA;PASSO REAL;JACUÍ;ITAÚBA;DONA FRANCISCA;CAPIVARI-CACHOEIRA;GUARAPIRANGA;BILLINGS;HENRY BORDEN;JAGUARI;PARAIBUNA;SANTA BRANCA;FUNIL;LAJES;SANTA CECÍLIA;PICADA;SOBRAGI;SIMPLÍCIO;ILHA DOS POMBOS;NILO PEÇANHA;PEREIRA PASSOS;SALTO GRANDE;PORTO ESTRELA;CANDONGA;BAGUARI;AIMORÉS;MASCARENHAS;IRAPÉ;SÃO DOMINGOS;ITAPEBI;RETIRO BAIXO;TRES MARIAS;QUEIMADO;SOBRADINHO;ITAPARICA;MOXOTO;P.AFONSO 123;P.AFONSO 4;XINGO;TOCOS;SANTANA;VIGARIO;FONTES;FONTES BC;PEDRA DO CAVALO;BOA ESPERANÇA;GUILMAN-AMORIM;SÁ CARVALHO;JAURU;GUAPORÉ;CORUMBÁ III;CACHOEIRA CALDEIRÃO;SALTO PILÃO;ROSAL;SINOP;COLÍDER;TELES PIRES;SÃO MANOEL;SALTO DO RIO VERDINHO;OURINHOS;SERRA MESA;CANA BRAVA;SÃO SALVADOR;PEIXE ANGICAL;LAJEADO;SALTO;ESTREITO TOC;CURUÁ-UNA;TUCURUI;RONDON II;BALBINA;MANSO;SAMUEL;COARACY NUNES;PONTE PEDRA;SANTA CLARA - MG;FERREIRA GOMES;JIRAU;SANTO ANTÔNIO JARI;STO ANTONIO;BELO MONTE;ESPORA;ITIQUIRA I;ITIQUIRA II;DARDANELOS;CAÇU;BARRA DOS COQUEIROS;PIMENTAL;FOZ DO RIO CLARO;RHS ($)
1;176973.7267;171374.9214;164230.1784;155661.8419;133822.9337;122426.0304;105654.8097;94511.58118;89969.44027;82553.86465;124278.746;102397.7623;82657.49929;80121.21684;65404.09198;147002.8856;140008.0652;125340.52;167460.411;144667.2903;128326.1899;108846.4505;138475.4668;114709.341;97463.29451;78126.45884;70931.06928;51989.19651;79155.8558;74421.38694;69478.07426;66377.9573;59986.02993;51876.11546;39269.71051;33029.135;101433.5321;93643.27318;87124.18306;65009.38432;60471.36254;56465.86231;132378.6;52430.27013;41040.42621;33700.04403;30574.23652;151345.2047;124912.2863;98858.32121;130781.3095;99859.40687;68097.71319;40433.67475;17948.55222;0;1152516.931;1175320.374;1163152.667;1114644.832;316329.0336;106107.013;31799.45454;32532.41261;40328.60615;18597.88545;8690.728581;12781.61017;7495.225294;14131.44551;77879.13634;78665.53603;163823.0398;46265.32704;46888.10716;37127.19007;34017.99129;8917.664492;202827.4168;97541.58114;163732.9596;179790.2471;56415.76432;70339.05336;46905.51493;25729.65917;26497.40741;8221.38154;36733.94576;17032.25288;7524.506779;5312.916866;17165.66978;-3300.174055;43362.77677;30033.35553;15593.11057;15583.17085;11316.03925;4535.796573;64302.06922;38564.15425;22608.04042;33546.27182;24733.01807;70077.89692;2020.497482;-4845.218842;-18834.53098;-24859.78587;-18834.53098;-50640.48057;24950.24385;3156.127766;17165.39525;28318.67404;17165.39525;108291.966;9555.034062;55323.78875;31791.32174;26848.85562;45126.81755;122637.8112;5473.892147;39151.60573;3322.479316;8910.453503;2584.769864;2584.940538;-567.5957981;57794.18652;67916.94919;78110.52573;41951.92579;30270.04262;25335.51066;17856.37859;68711.3816;11299.79525;184.2911203;9549.678397;9203.294387;4947.819481;14773.99837;4597.616773;2747.183059;1159.660838;12751.45077;2756.580023;-1955.972662;4027.623417;-1017.377858;18375.1375;62810.58635;19184.79093;9799.165093;-237.7308017;69568.85833;62241.75791;18374.492;55760.65908;1.03E+11
2;171431.5642;166114.58;159461.4433;151341.2899;130533.4124;119401.8339;103145.7234;92000.69093;87592.74294;80394.12129;120678.6033;99334.35154;80225.65389;77538.20293;63379.97428;143120.976;136228.5961;121865.3078;162769.9349;140341.5879;124603.9706;105722.4231;134524.6625;111453.3433;94639.36826;75850.19259;68828.62147;50476.1188;76845.17882;72269.54064;67496.07997;64519.19415;58338.82942;50441.43036;38150.93423;31994.06529;98590.05222;90977.84256;84599.48166;63044.56189;58637.79813;54752.93524;81733.01786;50805.15594;39730.64347;32637.1147;29590.82701;145981.2421;120284.0068;95514.86661;126570.822;96710.59645;65984.01934;39045.73841;17364.354;0;112596.7896;133438.9412;121392.4378;72190.3831;41441.91801;103328.5857;30723.23229;30643.74542;38998.65091;17985.33122;8403.37061;12347.97839;7241.433329;13623.50443;75607.98946;76371.45071;158807.6874;45912.59262;45501.43906;35665.87546;32888.45536;8620.093198;195498.3563;94179.74424;158720.3649;173917.1809;54693.68578;68488.13877;45820.6396;25112.38171;24379.05012;8184.951398;35816.81435;16695.13702;7430.866854;5167.169903;16292.09381;-3598.174274;41897.36492;28999.21277;15061.16018;15051.56038;10928.98298;4377.699397;62630.71065;37306.46306;21782.12937;16293.26014;7800.479949;63294.90235;-2015.554328;-8430.092749;-21855.30767;-27683.74221;-21855.30767;-52607.27525;22876.56193;2740.18148;16291.81928;26261.20612;16291.81928;29187.31166;9375.709084;53456.72639;30694.93444;25978.91691;43683.55804;119111.718;5295.842186;37953.73155;3250.333602;12674.02705;4633.148956;4633.248615;10.03321015;55992.34248;65877.80468;76300.28728;41482.18542;30162.52332;25667.40688;17976.36563;66536.26953;11165.20087;403.005956;9536.932765;8926.710621;4823.843521;14347.59346;4662.504481;2656.059469;1165.583415;12340.68577;2665.153844;-1893.355084;3916.943828;-984.8076535;17840.09543;60694.86036;18811.06764;9742.872196;-230.1268551;67364.4917;60314.19299;17839.52206;54071.02174;85741946932
3;171969.4618;166546.3969;159673.9174;151395.4175;130295.8485;119270.4631;103023.6324;91962.01722;87559.75587;80367.31931;120731.2087;99382.83828;80270.22468;77580.0709;63399.02153;143188.8989;136290.6458;121927.4595;162851.219;140385.6985;124617.4547;105775.9251;134593.3577;111504.7003;94688.26876;75896.63031;68865.1405;50454.5676;76856.31876;72279.39067;67504.91558;64489.99961;58306.39969;50411.98295;38142.74053;31992.71691;98638.20262;91020.77945;84641.49858;63079.89326;58674.51549;54789.29152;81981.47225;50838.64865;39754.93453;32647.52084;29590.98258;146012.9028;120324.7311;95565.21071;126623.6312;96701.17895;66011.67043;39067.85304;17360.13967;0;113272.2953;134551.5387;122363.8149;74987.38131;41440.00771;103375.5382;30717.91844;31384.55318;38990.72335;17983.3353;8403.745698;12347.42642;7241.145087;13621.4542;75619.44929;76383.0263;158881.5893;45066.03611;45668.06124;36221.83237;32889.39141;8624.833189;195569.1623;94166.39814;158794.2262;173887.9179;54719.32791;68514.2727;45849.23546;25130.54924;40142.92937;8200.895354;35846.12635;16715.02185;7443.609851;5168.494029;28935.87229;8991.736262;41905.13154;28991.18893;15061.85058;15052.25033;10928.97829;4378.251697;62649.63539;37308.56569;21783.54871;29000.09023;20502.97488;63340.78871;-1993.731061;-8414.294971;-21838.08054;-27665.53574;-21838.08054;-52584.08061;37487.08965;15386.24014;28935.59776;41544.27655;28935.59776;48768.47047;9372.528367;53460.63273;30693.10599;25980.38179;43686.24181;119165.3487;5295.443422;37954.56683;3251.545269;11487.65238;3819.27102;3819.3826;-73.28090006;56009.27347;65913.91913;76324.13352;41488.20865;30169.9415;25666.72247;17980.90871;66554.69226;11170.08039;402.7110578;9543.487534;8926.286;4825.056553;14352.11472;4679.010634;2656.002836;1165.840303;12331.85936;2665.097023;-1893.46538;3916.069656;-984.8650234;17838.90566;60907.30002;18798.94394;9735.254677;-230.1402489;67379.771;60331.11989;17838.28756;54086.86282;86208524159
4;171827.9529;166450.7593;159665.7655;151392.1324;130321.3799;119301.1041;103049.3474;91982.10172;87578.47769;80382.56345;120731.0709;99386.5972;80269.53316;77583.81403;63401.68575;143180.981;136284.8347;121922.1814;162843.4537;140396.9061;124621.459;105769.4732;134587.6191;111499.7882;94682.25132;75889.47842;68862.09686;50455.68939;76857.02988;72279.16437;67503.6151;64496.92019;58311.72179;50415.19356;38140.16729;31992.73911;98632.72227;91015.89089;84635.7755;63074.70502;58667.72409;54781.94759;81869.53342;50833.77417;39755.46258;32648.22904;29594.47236;146034.1299;120330.0436;95566.66988;126630.0107;96700.818;66003.83134;39054.22692;17363.57188;0;113194.4976;134410.6427;122240.692;74736.82354;41448.28795;103379.8562;30724.06181;31380.45238;39001.77729;17987.72954;8405.885662;12349.80659;7242.802757;13625.40358;75619.97837;76383.56072;158885.6535;45064.81915;45667.17346;36219.44875;32896.83386;8627.960235;195622.4414;94193.4709;158798.2882;173919.166;54718.20413;68511.85601;45838.6613;25118.60205;24415.3159;8186.804214;35842.06703;16704.96543;7431.124738;5169.985537;16317.54875;-3594.766103;41913.41784;29002.90736;15065.68527;15056.08257;10932.18582;4379.172718;62650.79743;37308.5581;21784.53374;16369.21541;7870.430752;63317.10982;-2005.681224;-8428.330494;-21855.17225;-27683.67465;-21855.17225;-52606.98186;22911.35869;2765.481745;16317.27422;26293.6607;16317.27422;29181.462;9374.854921;53471.18973;30700.03608;25989.05229;43697.6499;119162.74;5297.022931;37962.21028;3252.168187;12671.126;4632.66759;4632.76725;9.236718666;56010.79284;65909.01023;76324.5768;41494.6956;30174.63871;25678.06977;17987.0864;66558.86406;11176.04956;403.0794061;9550.620885;8930.430784;4825.410276;14352.90169;4664.902169;2656.613181;1165.555164;12335.14417;2665.709394;-1894.07412;3917.526137;-985.1816559;17844.45016;60910.30837;18809.88569;9742.508875;-230.2141709;67386.8471;60333.75107;17843.86856;54087.90652;85767828386
5;171810.1874;166432.8101;159649.0831;151376.3335;130305.2075;119285.8516;103036.2242;91971.50062;87568.44859;80373.85246;120718.5404;99375.51034;80261.32312;77574.03771;63392.90671;143167.7818;136270.916;121910.0412;162826.828;140378.3215;124603.2248;105757.317;134574.0143;111488.7766;94672.35829;75880.59209;68852.92823;50447.91659;76849.2808;72272.07193;67497.26247;64489.13113;58304.63672;50408.25832;38134.18237;31988.20337;98623.00376;91006.48692;84627.71222;63069.18765;58662.86159;54777.45378;81860.45953;50829.59189;39753.31775;32643.7376;29590.37167;146022.3307;120318.3478;95555.08444;126615.6292;96688.77656;65997.06165;39050.60888;17361.64216;0;113153.9407;134321.8879;122188.4805;74636.27698;41443.74525;103371.1311;30721.05639;31265.88458;38997.31515;17985.88682;8404.660902;12347.78264;7241.674707;13623.98068;75612.33287;76375.83799;158870.8805;45923.91295;45516.78006;35680.15665;32887.66077;8620.769925;195597.9946;94187.0586;158783.5233;173900.4054;54714.62773;68507.40949;45835.13237;25115.71041;24408.61491;8186.242169;35835.12208;16702.0582;7430.640458;5168.972973;16308.44009;-3596.315335;41905.46328;28998.98867;15063.01364;15053.41264;10930.16014;4378.219116;62645.17387;37302.94706;21782.86649;28984.28875;20486.83771;63322.42954;-2005.384497;-8426.93781;-21852.17446;-27680.04726;-21852.17446;-52601.49723;22903.91186;2757.834914;16308.16556;26286.0789;16308.16556;29178.70022;9374.603631;53462.51185;30695.90332;25985.82698;43690.45532;119149.984;5296.764306;37955.65959;3250.746551;12669.69532;4631.324022;4631.423682;9.40749186;56002.24163;65903.0726;76319.10286;41487.72581;30169.12443;25672.90746;17982.62775;66547.72662;11171.75278;403.8677654;9545.455144;8928.120727;4825.059058;14351.39524;4662.893858;2656.478954;1165.212719;12334.97774;2665.574722;-1893.747267;3917.266852;-985.0116451;17843.50171;60898.9826;18807.67994;9741.419582;-230.1744797;67373.14691;60321.90282;17842.92717;54078.7341;86081826791
6;171842.9376;166465.2111;159679.1792;151404.9753;130382.1856;119372.1371;103113.8743;92020.39949;87612.73109;80414.12963;120744.9237;99395.14971;80276.60091;77596.85389;63412.39076;143191.893;136296.3284;121932.3467;162857.7499;140408.0985;124631.2426;105780.7884;134599.3579;111513.7911;94695.43508;75903.19231;68875.645;50463.86351;76865.0757;72286.42711;67510.45894;64503.87326;58317.72937;50420.86738;38145.8015;31999.76855;98641.40526;91025.483;84645.6358;63086.45964;58679.80171;54793.05947;81882.02568;50845.23413;39766.76144;32654.87529;29599.72403;146040.8099;120349.9864;95579.95286;126646.6694;96711.38652;66015.51269;39063.23184;17369.20788;0;112998.3622;134065.1602;121938.7591;74058.17127;41459.32589;103379.4078;30732.53552;31225.71758;39012.48902;17993.05435;8407.825011;12353.44389;7244.821492;13628.223;75627.85764;76391.51508;158887.0907;45949.62043;45607.37106;35996.87194;32899.88879;8624.473544;195616.4605;94183.09173;158799.7246;173973.3081;54720.58516;68515.27714;45847.62367;25130.52732;39075.49783;8195.219685;35852.47807;16713.92743;7439.718656;5170.097779;28927.09444;8995.792615;41919.07402;29009.57348;15068.49813;15058.89363;10933.85574;4379.903643;62655.36484;37317.0704;21789.60504;16396.08167;7893.819348;63338.14108;-1996.106999;-8418.713088;-21848.7034;-27679.01934;-21848.7034;-52609.61559;36987.38942;15370.80868;28926.81991;40763.30015;28926.81991;29182.4997;9374.287073;53479.6614;30703.53279;25993.87076;43703.54511;119175.0262;5296.281436;37974.94837;3250.764286;11659.81516;3962.69544;3962.80702;-68.93498355;56018.25179;65920.64233;76325.88175;41499.98913;30176.89188;25673.98639;17984.39815;66566.46767;11172.47897;403.6672107;9546.313697;8927.619749;4825.365245;14354.31935;4676.428813;2656.345415;1165.831837;12339.6386;2665.440739;-1894.319313;3917.355054;-985.309192;17842.36298;60912.98786;18806.34562;9739.441303;-230.2439459;67391.30638;60339.07462;17841.74498;54094.85656;85785790187
7;171744.4299;166373.5683;159596.7882;151403.5723;130612.7976;119480.5591;103214.6076;92084.08597;87674.12353;80471.61045;120767.9415;99425.69055;80302.73749;77636.47707;63451.48757;143179.1468;136285.4223;121922.6359;162843.7701;140413.8991;124653.6388;105773.1916;134589.9219;111506.4468;94687.00816;75893.22835;68870.64193;50526.11804;76911.13353;72332.03305;67554.96576;64573.48861;58388.63202;50487.5435;38195.38811;32041.53048;98632.16398;91016.97642;84637.85784;63082.13709;58675.32817;54787.77239;81815.37235;50847.03985;39778.11487;32666.66315;29610.21155;146034.3452;120340.3825;95556.21019;126632.4044;96755.14675;66002.38894;39037.97981;17375.19076;0;112786.7931;133708.8129;121597.0733;73301.0549;41468.80875;103373.8517;30742.2678;31153.92084;39027.65093;17999.29554;8410.189506;12357.81918;7247.413779;13632.2587;75673.00607;76437.12405;158873.3772;45348.12712;45652.25628;36163.91653;32917.15573;8633.353421;195632.6375;94243.45748;158786.0186;174031.1805;54714.70989;68509.23768;45836.23327;25122.93399;24414.82492;8183.29893;35845.84851;16703.71578;7428.87544;5171.251891;16324.5912;-3590.520323;41930.14955;29021.61716;15072.81088;15063.20362;10937.15212;4380.922033;62654.53106;37359.61192;21789.87036;28980.86601;20476.72013;63303.20639;-2018.436206;-8443.541695;-21878.26636;-27710.52222;-21878.26636;-52649.84061;22907.74192;2763.796013;16324.31667;26295.13522;16324.31667;48782.69721;9375.277781;53494.82823;30712.13746;26002.89273;43718.02286;119169.8087;5297.259767;37985.08051;3250.814739;12130.01768;4305.529811;4305.634198;-42.19849939;56055.79424;65916.34169;76322.49472;41510.9032;30183.7221;25684.27635;17990.93306;66608.01241;11177.93188;403.8514584;9552.052228;8931.343743;4825.34188;14354.88378;4670.589057;2656.800518;1166.132772;12344.78352;2665.897354;-1894.966045;3918.669711;-985.6455863;17845.65842;60757.56145;18815.29939;9744.190232;-230.3224816;67435.24614;60377.76562;17845.05511;54131.08831;86185574355
8;171749.5068;166377.5787;159600.5555;151405.2044;130417.9739;119410.591;103145.8236;92034.90186;87625.31012;80424.04267;120742.6111;99396.89968;80273.35983;77603.00319;63415.77485;143184.9653;136291.4552;121928.8323;162851.2366;140422.7268;124657.3528;105778.5814;134595.5572;111511.9103;94693.24203;75899.36389;68874.75115;50470.77141;76872.75751;72293.50842;67516.61493;64518.71328;58330.97867;50432.29238;38146.9083;32003.98018;98636.21552;91020.3209;84641.20247;63084.50165;58677.0313;54789.39822;81814.80212;50845.19983;39771.91105;32660.36771;29605.15085;146038.2063;120340.4895;95557.68368;126634.6195;96757.32656;66005.24815;39042.17267;17373.97112;0;112845.1823;133800.0437;121694.5923;73501.35953;41468.34873;103379.0464;30740.60182;31150.94209;39025.28678;17998.03338;8409.638664;12356.69605;7246.856598;13631.80229;75635.05438;76398.78902;158319.967;45907.93282;45643.47348;36129.55537;32915.83284;8632.551535;195636.627;94207.40684;158796.6333;174018.7;54718.66405;68513.0534;45838.46799;25122.52253;24417.61304;8183.091709;35847.62535;16704.75644;7429.112228;5171.352335;16324.4499;-3590.937406;41929.251;29019.68329;15072.13487;15062.52804;10936.60378;4380.909679;62656.91556;37322.03063;21792.82795;16389.9618;7886.211544;63319.40725;-2006.559819;-8431.270379;-21865.31077;-27697.14792;-21865.31077;-52636.18173;22911.36517;2764.627203;16324.17537;26296.80753;16324.17537;29190.71356;9375.663663;53493.27334;30711.66198;26001.76119;43716.5063;119174.4461;5297.118802;37983.79781;3251.812923;12208.65947;4356.738136;4356.842523;-5.710578144;56019.7331;65919.01825;76326.11624;41510.03482;30184.58512;25683.99284;17991.58324;66571.38494;11178.24873;403.8986876;9552.395385;8934.202495;4825.526854;14355.19417;4669.296678;2656.644762;1165.937236;12343.78927;2665.741081;-1894.880127;3918.341663;-985.6008962;17845.4949;60722.88389;18815.51815;9744.820153;-230.3120481;67398.83411;60341.7448;17844.89444;54095.24621;85761729180
9;171748.7639;166377.2293;159600.516;151406.5577;130601.0501;119464.8797;103198.777;92073.13271;87663.17356;80461.21709;120772.1278;99427.68347;80304.11659;77634.92233;63447.19877;143183.7663;136290.0016;121926.5737;162849.2374;140423.5626;124657.7258;105775.1187;134593.3737;111508.6529;94687.40122;75891.62445;68866.55102;50510.26334;76906.45839;72327.1531;67550.12845;64560.22745;58373.03672;50472.59839;38182.59022;32035.55195;98635.43065;91019.46577;84640.08612;63082.77014;58674.93244;54787.42247;81882.21106;50845.7178;39775.73122;32664.23539;29607.37714;146065.1636;120364.3791;95585.30552;126657.5377;96715.75648;66009.85615;39048.13631;17375.8873;0;112848.2898;133804.5188;121701.6164;73506.53622;41471.52876;103381.7492;30742.97748;31153.3614;39026.76678;17999.13096;8410.177115;12357.07303;7247.029338;13632.70586;75668.37172;76432.44289;158886.5341;45105.71937;45664.58349;36202.90147;32917.56603;8633.222958;195659.1421;94240.56062;158799.1683;174035.904;54718.6628;68512.62769;45839.19855;25123.32224;40129.73885;8183.563395;35850.33123;16706.04124;7429.678741;5171.835248;28929.0764;8999.207433;41932.06805;29021.68857;15073.0915;15063.48407;10937.31476;4380.946918;62656.86213;37353.43894;21789.55219;28986.97489;20485.0782;63318.84095;-2004.616785;-8429.752068;-21864.77921;-27697.19292;-21864.77921;-52636.95945;37477.73872;15367.91317;28928.80188;41540.46186;28928.80188;29193.02724;9376.32693;53496.12228;30713.11018;26004.02026;43719.34853;119172.3734;5297.812794;37982.0512;3251.54264;12609.20844;4626.952796;4627.052455;6.812036361;56050.74261;65917.531;76325.80315;41509.07692;30183.07674;25684.61946;17990.39331;66603.09603;11176.9057;403.9688912;9550.499041;8931.706164;4825.605109;14355.4708;4666.079687;2656.982537;1165.951953;12344.46431;2666.079977;-1895.038191;3918.886247;-985.6831127;17847.55013;60946.86778;18817.0032;9746.063878;-230.3312427;67431.84309;60373.3932;17846.96852;54126.33732;86115205304
10;171837.0255;166459.493;159673.3909;151401.8298;130388.4329;119378.0414;103118.4468;92023.01732;87615.04699;80415.52658;120741.1068;99394.08046;80273.66622;77597.05873;63412.10868;143186.7757;136292.132;121929.0951;162852.1287;140416.1554;124636.9198;105775.8765;134595.5791;111509.7888;94690.77397;75898.31301;68873.40993;50462.4306;76864.90602;72285.89955;67509.48538;64505.93018;58319.01072;50420.97258;38143.11802;31997.69494;98637.17653;91020.46584;84640.90214;63082.01115;58674.96801;54788.12231;81878.21096;50841.71314;39765.75778;32654.15224;29599.69081;146049.1097;120351.1985;95578.66947;126646.893;96708.94563;66011.07574;39057.46944;17370.57954;0;112975.928;134022.0092;121914.2111;73979.57528;41461.65972;103381.7291;30734.9961;31143.43204;39017.79524;17994.82653;8408.447649;12353.77214;7245.017216;13629.21363;75627.56934;76391.2331;158889.6357;45100.02037;45665.51161;36207.06535;32908.91599;8630.467656;195638.0146;94200.30808;158802.2682;173985.8231;54720.61962;68514.90992;45839.99982;25120.54571;24418.08356;8184.512846;35844.32182;16704.48583;7429.645516;5170.634247;16322.56268;-3592.750944;41921.8706;29012.74483;15069.28474;15059.67974;10934.5612;4380.086816;62656.01442;37314.81638;21790.94028;28993.46377;20491.52479;63326.81502;-2000.59112;-8423.758453;-21855.08461;-27685.81996;-21855.08461;-52619.48365;22912.8066;2765.30175;16322.28815;26297.21038;16322.28815;29187.87499;9375.438847;53482.20294;30705.4235;25996.40265;43707.99839;119172.6574;5296.751238;37974.90625;3251.303866;12342.50906;4414.164915;4414.269302;-3.642355168;56017.54738;65916.32557;76327.31535;41505.87459;30182.23626;25681.3007;17990.14693;66567.34842;11177.67598;403.8480829;9551.984115;8934.223806;4825.53929;14354.5354;4667.793323;2656.452298;1165.820183;12340.96208;2665.547977;-1894.498345;3917.872689;-985.4023148;17844.04277;60912.90817;18812.85407;9743.664416;-230.2656867;67394.8523;60339.38171;17843.44326;54094.04358;86082855172
11;171832.3078;166455.4279;159668.8422;151397.063;130385.3166;119375.4614;103115.2569;92022.5704;87614.37443;80414.37044;120737.9022;99392.38184;80271.51643;77599.07746;63414.42961;143182.0193;136287.5141;121924.1731;162846.9867;140410.8662;124644.1285;105770.743;134590.2808;111504.4707;94683.82485;75886.85725;68862.60581;50479.98907;76874.28795;72295.60134;67519.28981;64528.54601;58342.30584;50442.77943;38154.8897;32004.53597;98634.11105;91018.02519;84639.40643;63080.57837;58673.21487;54786.20527;81876.66769;50843.76715;39772.40596;32661.09706;29605.31912;146054.7307;120351.2456;95578.37558;126647.5207;96708.44085;66008.95087;39052.95319;17372.33563;0;112998.3568;134067.5086;121945.5943;74055.74377;41464.5968;103381.0413;30736.94517;31228.66758;39017.80156;17995.36867;8408.694354;12354.06379;7245.353079;13630.45458;75636.60584;76400.35614;158885.9109;45810.51617;45648.79944;36149.90466;32910.07858;8631.240639;195643.5369;94208.85569;158798.5454;174001.4151;54718.12289;68511.89224;45838.55113;25120.67243;38425.18246;8183.611689;35846.0219;16704.90722;7429.363743;5171.128127;28912.88087;8997.323465;41924.24687;29015.84679;15070.26781;15060.66218;10935.49332;4380.413716;62655.28702;37322.01836;21791.30858;16380.74983;7877.878942;63318.37657;-2004.802276;-8428.367019;-21860.4859;-27691.74423;-21860.4859;-52625.54655;36638.02607;15354.40501;28912.60634;40220.10488;28912.60634;48783.03725;9376.448021;53485.57226;30707.69439;25998.41693;43709.78969;119167.9676;5297.253035;37974.21616;3251.294594;12673.66044;4632.689936;4632.789595;9.092761442;56020.19582;65915.33655;76325.27344;41504.08583;30179.94166;25681.54127;17989.19188;66570.05864;11176.38424;403.9628309;9550.467267;8931.183873;4825.466892;14354.48164;4664.947556;2656.700028;1165.765352;12341.72572;2665.79653;-1894.641583;3918.306678;-985.4768193;17845.86899;60915.69931;18814.24497;9744.255723;-230.2830807;67398.42502;60342.2693;17845.28739;54096.30682;85893982354
12;171831.6783;166454.8203;159668.353;151396.7171;130384.9923;119375.1499;103115.184;92022.42725;87614.30873;80414.41824;120737.5564;99391.94884;80271.42119;77598.97144;63414.69761;143181.735;136287.1887;121923.8284;162846.5038;140406.7494;124641.5738;105770.2343;134589.781;111503.983;94683.51764;75886.84468;68862.77216;50480.58398;76874.07156;72295.48442;67519.25422;64528.47282;58342.39641;50443.16199;38155.678;32005.01531;98633.90281;91017.87076;84639.24214;63080.38586;58673.08042;54786.14095;81876.37967;50843.80248;39772.74968;32661.55211;29605.69701;146053.533;120349.9579;95577.7069;126646.5514;96707.69407;66008.79197;39053.32839;17371.93458;0;112998.1055;134066.2818;121945.0566;74056.44925;41463.84999;103380.9623;30736.36954;31228.11011;39016.74621;17994.89909;8408.485852;12353.87757;7245.24319;13630.2679;75636.39312;76400.14127;158885.6081;45810.44878;45648.70882;36149.97556;32909.49804;8631.087689;195642.6542;94208.64278;158798.2428;173997.3911;54717.97773;68511.74117;45838.46601;25120.56757;38425.14299;8183.782363;35845.37942;16704.7317;7429.322183;5170.986496;28912.72071;8997.182133;41923.4373;29015.19225;15069.94665;15060.34122;10935.28923;4380.326708;62655.00775;37322.42611;21790.88423;16380.48571;7877.726931;63318.08854;-2004.935506;-8428.400156;-21860.26807;-27691.3911;-21860.26807;-52624.78683;36637.9866;15354.5584;28912.44618;40219.93934;28912.44618;29188.69191;9376.375625;53484.56431;30707.21324;25998.00268;43709.09167;119167.5294;5297.169933;37973.22014;3251.295499;12673.58992;4632.770562;4632.870221;9.151640449;56020.71766;65915.12657;76325.13734;41503.71666;30179.69693;25681.12368;17989.05493;66570.54545;11176.25284;403.9510315;9550.346177;8930.94743;4825.44739;14354.3915;4664.9057;2656.656915;1165.80227;12341.46728;2665.753273;-1894.61183;3918.262679;-985.4613434;17845.63226;60916.00519;18814.19823;9744.218006;-230.2794677;67398.7959;60342.66461;17845.05065;54096.78116;85792493898
13;171820.4172;166449.6272;159666.8229;151397.4403;130386.0304;119376.218;103116.0913;92023.58969;87614.94821;80414.7384;120737.7509;99392.46495;80271.7422;77600.09977;63415.99691;143181.9742;136287.5602;121924.3031;162846.8475;140408.9211;124642.9586;105770.6372;134588.0903;111503.98;94683.99146;75887.41911;68863.79007;50481.88355;76874.71443;72296.08203;67519.81348;64529.36381;58343.26186;50444.24581;38156.85018;32005.64648;98634.10072;91018.1341;84639.50677;63080.54164;58673.30195;54786.43944;81876.22131;50844.21561;39773.26286;32662.12218;29606.06963;146055.7625;120351.7207;95579.32524;126648.0791;96709.28407;66010.12137;39054.42057;17372.08907;0;112999.4217;134067.5893;121946.2317;74056.99719;41464.19602;103382.1428;30736.6004;31228.36994;39017.05357;17995.03217;8408.553873;12353.96119;7245.301895;13630.35505;75637.03051;76400.78511;158887.1345;45810.50365;45648.7751;36149.99561;32909.61698;8631.139525;195643.9587;94209.19264;158799.7684;173998.9367;54718.00516;68511.8601;45839.04963;25119.01451;25070.16826;8182.098994;35844.17661;16703.2458;7427.613143;5171.063878;16321.83041;-3592.119731;41923.7367;29015.42207;15070.06199;15060.45649;10935.342;4380.356632;62655.0739;37323.08922;21790.99442;16381.1751;7878.465606;63318.97702;-2004.849241;-8428.398516;-21860.35758;-27691.53286;-21860.35758;-52624.93687;23368.43387;2763.547671;16321.55588;26950.18176;16321.55588;29196.57985;9376.165975;53485.05336;30707.4803;25998.2074;43709.50883;119166.4476;5297.248585;37973.23697;3251.393087;12675.70693;4634.827078;4634.926737;9.107148102;56022.00045;65915.30198;76325.24867;41504.00534;30179.89631;25682.17225;17989.29319;66571.92271;11176.41595;403.944946;9550.512526;8930.532831;4825.444618;14354.44793;4664.812389;2656.703055;1165.801068;12341.59703;2665.799567;-1894.629342;3918.31086;-985.470452;17845.81702;60917.6797;18814.30855;9744.287442;-230.2815942;67400.25087;60343.94318;17845.23541;54098.01392;85769625340
14;171748.4883;166375.8632;159599.3005;151403.9764;130392.5266;119382.2832;103123.1549;92023.95507;87615.57059;80415.87896;120741.1354;99393.95101;80273.77682;77596.7822;63412.20975;143186.567;136291.8801;121928.7764;162851.7584;140416.5758;124638.4041;105775.7327;134595.1708;111509.4135;94690.74897;75898.76648;68873.62644;50462.6037;76864.72731;72285.81671;67509.51502;64505.44577;58318.66149;50421.07992;38143.56774;31997.93483;98636.98348;91020.25222;84640.82443;63082.01431;58675.03225;54788.02478;81876.58171;50841.43853;39765.35481;32654.09817;29600.24443;146047.9756;120350.0066;95578.47942;126646.2746;96708.3733;66011.3594;39058.3847;17370.32123;0;112998.6547;134065.2763;121942.987;74057.76978;41461.71481;103381.2307;30734.80457;31226.40329;39016.63462;17994.47526;8408.312937;12353.44307;7244.93544;13629.27592;75627.40945;76391.06686;158889.5955;45106.27526;45664.77562;36205.06653;32907.8559;8630.334621;195638.0992;94200.03408;158802.228;173983.5955;54720.47275;68514.82887;45840.17759;25120.41185;25157.58471;8184.618847;35844.17288;16704.52604;7429.725395;5170.657307;16322.32706;-3592.876134;41920.87878;29012.15578;15069.04978;15059.44493;10934.36679;4380.012106;62655.8162;37315.03192;21790.93724;16384.52118;7884.651308;63326.2288;-2000.158031;-8423.370994;-21854.39598;-27685.05713;-21854.39598;-52617.62022;23369.69603;2765.239703;16322.05253;26951.45459;16322.05253;29195.06642;9375.408735;53481.11953;30704.93943;25996.0754;43707.19914;119172.2133;5296.767048;37973.61957;3251.30109;12330.66578;4413.055806;4413.160193;-3.721763527;56017.8158;65916.23172;76327.1479;41505.19779;30181.82105;25680.76526;17989.86804;66567.32092;11177.41654;403.8431437;9551.908764;8934.264279;4825.525493;14354.4303;4667.724211;2656.45647;1165.821171;12340.51231;2665.552163;-1894.471991;3917.8283;-985.3886065;17843.88923;60913.28917;18812.16812;9743.311966;-230.2624863;67394.73056;60339.53847;17843.28971;54094.36721;85765950323
15;171748.9549;166376.3661;159599.7678;151404.3702;130392.9728;119382.9316;103123.5799;92024.26482;87615.8589;80416.12767;120741.452;99393.98285;80273.70625;77596.942;63412.37277;143186.9504;136292.2655;121929.1257;162852.2349;140413.6511;124637.9536;105775.9769;134595.6728;111509.6678;94690.96694;75898.79924;68873.57481;50463.21082;76864.69503;72285.7556;67509.45317;64505.9799;58319.17226;50421.55079;38143.9331;31998.1682;98637.31829;91020.61751;84641.18216;63082.16031;58675.06852;54788.18116;81877.38901;50841.70356;39765.69647;32654.34036;29600.33976;146048.8059;120350.4673;95578.93696;126646.9279;96708.74832;66011.3728;39057.97503;17370.39377;0;112999.2946;134065.3711;121942.9324;74057.15566;41461.97162;103382.214;30735.03348;31226.51477;39016.95424;17994.58904;8408.411597;12353.50878;7244.932412;13629.4641;75627.37212;76391.02915;158890.5235;45811.35564;45649.20353;36149.02048;32908.18872;8630.412883;195640.4039;94200.43459;158803.1555;173984.3207;54720.77957;68515.09758;45840.41364;25120.39306;25157.75428;8184.572624;35844.24397;16704.5247;7429.679172;5170.674437;16322.40222;-3592.827155;41921.29021;29012.56141;15069.1511;15059.54619;10934.46065;4380.041378;62655.93385;37315.23998;21790.75675;28991.81103;20491.85216;63327.45279;-1999.292113;-8422.501144;-21853.6162;-27684.30165;-21853.6162;-52617.16304;23369.90807;2765.258353;16322.12769;26951.7092;16322.12769;29195.47087;9375.432785;53481.56398;30705.18916;25996.17045;43707.44038;119172.5414;5296.78153;37974.15589;3251.300776;12351.32674;4418.238974;4418.34336;-3.705469142;56018.00139;65916.43901;76327.35933;41505.15513;30181.67735;25680.94023;17989.86946;66567.51396;11177.43292;403.847898;9551.893635;8934.068704;4825.541845;14354.49058;4667.525905;2656.457911;1165.820471;12340.64662;2665.553609;-1894.482302;3917.851111;-985.3939698;17844.0227;60913.39116;18812.31225;9743.391788;-230.2637384;67394.99131;60339.72533;17843.42374;54094.52013;86084928534
16;171836.7518;166459.479;159673.3573;151401.3966;130389.5364;119379.5203;103118.1047;92025.07221;87616.73608;80416.25448;120741.4744;99395.90633;80273.73825;77604.78728;63421.34976;143185.8759;136291.7009;121929.1054;162851.7472;140417.665;124651.6329;105775.9622;134595.764;111509.3546;94689.42204;75892.6974;68869.37783;50488.79999;76881.49926;72302.64317;67525.98627;64538.28926;58352.29511;50452.02886;38162.33418;32009.78843;98636.90552;91020.83918;84642.21101;63083.50313;58676.79677;54789.47714;81814.38979;50847.25572;39776.21625;32664.60362;29609.02203;146037.7632;120336.316;95555.60185;126632.1019;96755.96162;66006.62314;39046.55123;17372.6267;0;112977.6768;134027.0562;121919.8924;73978.0167;41466.48562;103381.5124;30738.57103;31147.36152;39020.77731;17996.59082;8409.010527;12355.17171;7245.822741;13631.05328;75643.64224;76407.46604;158888.0652;45745.33447;45650.91881;36154.72696;32912.22886;8631.648003;195642.226;94215.78272;158800.6986;174006.8794;54719.64795;68514.00819;45839.29249;25120.84904;25157.4667;8182.841376;35845.82638;16704.34063;7428.540107;5171.210424;16323.48242;-3591.478949;41926.30205;29016.98226;15070.8453;15061.2393;10935.83913;4380.605992;62656.98759;37327.82786;21792.44415;16390.64197;7889.350373;63325.84307;-2000.813984;-8424.966545;-21857.88802;-27689.32949;-21857.88802;-52625.14987;23369.57634;2764.580781;16323.20789;26952.08723;16323.20789;42569.80014;9376.200207;53489.13831;30709.70439;26000.12237;43712.20607;119172.6721;5297.321561;37979.63057;3251.675501;12356.23507;4418.413375;4418.517762;-3.923217972;56027.0576;65918.05357;76327.16322;41508.18784;30183.40362;25684.36205;17991.65723;66578.08653;11178.55205;403.9004782;9552.647222;8933.861977;4825.608314;14354.96176;4667.5599;2656.737259;1166.006078;12342.91877;2665.833884;-1894.764238;3918.456362;-985.5406172;17846.36271;60823.09056;18816.25073;9745.012017;-230.2979752;67405.91398;60348.73478;17845.76496;54102.41386;85838334529
17;171836.6921;166459.3776;159673.2361;151401.3056;130389.2566;119379.1919;103117.7536;92024.69682;87616.38539;80415.88831;120741.4048;99395.78184;80273.57;77604.74018;63421.42534;143185.8297;136291.6468;121929.0714;162851.6968;140417.3594;124651.0997;105775.9019;134595.812;111509.311;94689.35277;75892.59899;68869.43808;50488.96281;76881.44627;72302.57644;67525.94925;64538.45649;58352.45407;50452.16479;38162.46409;32009.84006;98636.91752;91020.92968;84642.52279;63083.56095;58676.8484;54789.53016;81814.37421;50847.26604;39776.20347;32664.59771;29609.08469;146037.8918;120336.3407;95555.59231;126632.0905;96755.918;66006.55599;39046.47494;17372.58407;0;112977.5687;134026.7878;121919.8597;73977.72315;41466.436;103381.4726;30738.62572;31147.16922;39020.68275;17996.61007;8409.007878;12355.17721;7245.83391;13631.07244;75643.60464;76407.42564;158888.018;45745.32412;45650.91021;36154.72579;32912.22347;8631.668933;195642.2035;94215.74478;158800.6514;174006.4533;54719.64065;68514.00529;45839.28473;25120.82104;25157.44983;8182.803747;35845.83934;16704.32228;7428.502477;5171.200746;16323.39649;-3591.459616;41926.36009;29016.98652;15070.85815;15061.25215;10935.84662;4380.597784;62656.96992;37327.90517;21792.38937;16390.61938;7889.337194;63325.82134;-2000.81973;-8424.99413;-21857.90931;-27689.33604;-21857.90931;-52625.13781;23369.55946;2764.528057;16323.12196;26952.04057;16323.12196;29192.89749;9376.188581;53489.18569;30709.7239;26000.18123;43712.30053;119172.6524;5297.35023;37979.70441;3251.675377;12356.27957;4418.444104;4418.548491;-3.925623462;56027.15557;65918.11009;76327.16817;41508.19995;30183.39189;25683.59642;17991.66124;66578.17991;11178.57556;403.908946;9552.66769;8933.886984;4825.612364;14354.9613;4667.559631;2656.752139;1166.006124;12342.90453;2665.848814;-1894.768308;3918.477332;-985.5427343;17846.44192;60823.27528;18816.31093;9745.012017;-230.2984695;67406.0958;60348.84464;17845.84417;54102.504;85769067227
18;171746.0065;166374.0787;159596.7412;151400.6807;130390.7999;119379.6297;103117.3211;92023.70998;87614.59865;80413.85623;120739.3312;99393.76953;80271.55453;77597.37643;63410.08767;143183.1304;136288.9336;121925.8904;162848.3996;140412.6365;124655.4948;105773.603;134592.5952;111507.9266;94687.80412;75891.68371;68867.2625;50464.45062;76869.04285;72289.9381;67513.26177;64513.60719;58325.7819;50427.08478;38141.47778;32001.20086;98634.81344;91018.42766;84640.00059;63081.48722;58674.71561;54787.46199;81880.01077;50842.55574;39769.04072;32657.79438;29603.1476;146059.3683;120357.6364;95577.37361;126649.0253;96713.10516;66011.01598;39054.04764;17374.41954;0;112848.0736;133800.8927;121698.2418;73511.26654;41467.29373;103381.6212;30739.66517;31233.76265;39022.78001;17997.06398;8409.237346;12355.41039;7246.095208;13631.18668;75631.39541;76395.09309;158886.2789;45349.51596;45653.1212;36163.16697;32913.48012;8631.788851;195644.5016;94204.46779;158798.9132;174021.387;54718.71769;68512.49966;45838.98155;25122.48124;37747.38388;8183.954688;35849.57316;16706.28751;7430.01495;5171.649958;28915.2656;8997.856033;41927.41205;29018.10721;15071.42283;15061.81647;10936.1416;4380.641703;62656.6112;37318.95474;21793.64913;28988.13102;20485.26101;63317.82376;-2005.769882;-8429.791894;-21863.28235;-27695.21;-21863.28235;-52632.10195;35959.86706;15355.23354;28914.99107;39542.14872;28914.99107;29201.73984;9376.035484;53489.62329;30709.75989;26000.02412;43713.90876;119170.8958;5297.36039;37980.40656;3251.665676;12585.00944;4620.621189;4620.720848;6.471542097;56014.43712;65916.0906;76325.60212;41504.77762;30180.26157;25683.32285;17989.54836;66565.35954;11176.53412;403.9630344;9550.515636;8931.663868;4825.491281;14354.92033;4665.766334;2656.740491;1165.802883;12343.1832;2665.837127;-1894.753698;3918.269915;-985.5351351;17845.70115;60810.80634;18814.86413;9744.92978;-230.2966953;67394.1388;60336.66592;17845.11949;54090.26421;86104397061
19;171746.3026;166374.3339;159597.0258;151401.1326;130394.0104;119382.9433;103120.5817;92026.81741;87617.39428;80416.6109;120739.4501;99393.60421;80271.63574;77597.58026;63410.30257;143183.2461;136289.0901;121926.0122;162848.5911;140415.3424;124656.261;105773.8319;134592.6608;111507.7559;94688.03589;75891.95518;68867.48818;50464.80686;76869.09476;72289.96957;67513.24975;64513.91927;58326.07174;50427.34559;38141.71568;32001.33125;98634.93189;91018.64249;84640.16945;63081.565;58674.77401;54787.56204;81879.94457;50842.67147;39769.16045;32657.92378;29603.14337;146059.4864;120358.0772;95582.11524;126652.592;96712.78529;66009.91046;39051.50355;17374.36148;0;112855.1316;133814.9414;121708.2321;73532.41012;41467.43077;103381.6705;30739.77796;31233.75849;39022.82949;17997.10565;8409.268294;12355.47193;7246.144436;13631.24448;75631.43818;76395.13629;158886.3975;45365.26027;45652.79819;36161.99136;32913.72332;8631.868378;195645.8518;94204.51095;158799.0317;174020.8082;54718.7515;68512.53185;45838.93359;25122.48893;25158.02146;8183.876049;35849.39296;16706.17019;7429.93631;5171.64857;16325.73599;-3591.487194;41927.30913;29018.12241;15071.3458;15061.73948;10936.07539;4380.620388;62656.62462;37319.08316;21793.55445;16385.29536;7884.309498;63317.97841;-2005.869493;-8429.973078;-21863.50783;-27695.41608;-21863.50783;-52632.53485;23370.50369;2765.749019;16325.46146;26952.74468;16325.46146;29201.65799;9376.107357;53489.47051;30709.64445;26000.17775;43713.99393;119170.7475;5297.420721;37980.73511;3251.665359;12584.2438;4620.012301;4620.11196;5.864820978;56014.58089;65916.21044;76325.6416;41504.88401;30180.30017;25682.85542;17989.5447;66565.5077;11176.51521;403.9687058;9550.501821;8931.694017;4825.500756;14354.94435;4665.777246;2656.771647;1165.801715;12343.14979;2665.868387;-1894.764387;3918.325512;-985.5406947;17845.88449;60810.86269;18814.8468;9744.927792;-230.2979933;67394.23239;60336.76849;17845.30283;54090.4161;85764156789
20;171748.5272;166376.0989;159599.3425;151403.9735;130396.9204;119386.7739;103126.3527;92027.48861;87618.59896;80418.70495;120741.159;99394.10332;80273.10313;77596.44422;63410.84887;143186.1813;136291.4795;121928.347;162851.3462;140416.0587;124638.4432;105775.2343;134594.7901;111509.3088;94689.62009;75895.38177;68870.86191;50460.45544;76864.39488;72285.19669;67508.58717;64505.12115;58317.9078;50419.45403;38140.7575;31997.20895;98636.81223;91020.15881;84640.60776;63081.60881;58674.31842;54787.3044;81878.5721;50841.13965;39765.32348;32653.65902;29599.54914;146053.0204;120352.9642;95580.22726;126649.1185;96710.32761;66011.36688;39056.46439;17371.59727;0;112976.9885;134024.6899;121915.8262;73979.63243;41463.06174;103382.679;30736.26131;31229.18274;39019.06083;17995.53288;8408.674746;12353.96997;7245.162841;13629.82932;75627.06084;76390.71473;158890.416;45392.60836;45652.06365;36158.80035;32909.85294;8630.710086;195644.8677;94200.23263;158803.048;173995.7926;54720.51912;68514.54691;45839.89159;25120.69142;37747.88313;8184.194948;35846.09921;16704.89472;7429.594396;5170.946583;28912.49346;8996.938381;41923.23505;29014.24549;15069.83685;15060.2315;10934.93608;4380.250779;62656.05312;37314.28347;21791.3121;16389.20173;7888.950847;63324.79046;-2001.295494;-8424.677561;-21856.52753;-27687.59745;-21856.52753;-52621.99091;35960.1316;15354.45571;28912.21893;39542.16963;28912.21893;29196.87606;9375.607644;53483.37246;30706.23286;25997.21786;43709.51455;119172.1535;5296.88821;37975.52915;3251.385493;12410.59716;4466.991031;4467.093139;2.485830473;56016.09125;65916.08821;76327.0003;41505.16503;30181.32722;25681.18708;17989.66763;66566.00833;11177.07201;403.8781975;9551.172124;8933.082759;4825.536362;14354.65068;4666.584423;2656.513025;1165.814704;12341.34747;2665.608906;-1894.560517;3917.996963;-985.4346528;17844.64394;60912.02381;18812.74947;9743.75304;-230.2732364;67393.48602;60337.93561;17844.05187;54092.41397;85787988946
</END>;;;;;;;;;;;;;;;;;;;;;;;;;;;;;;;;;;;;;;;;;;;;;;;;;;;;;;;;;;;;;;;;;;;;;;;;;;;;;;;;;;;;;;;;;;;;;;;;;;;;;;;;;;;;;;;;;;;;;;;;;;;;;;;;;;;;;;;;;;;;;;;;;;;;;;;;;;;;;;;;;;;
