<BEGIN>;
<Hydro plants>;
ID;Name;Minimum reservoir volume (hm3);Maximum reservoir volume (hm3);Name of downriver reservoir;Water travelling time (h);Run-of-river plant? TRUE or FALSE;Minimum forebay level (m);Maximum forebay level (m);Maximum spillage (m3/s);Basin;Influence of spillage on the HPF? Yes or No;Maximum spillage - HPF;Downriver plant of bypass discharge;Maximum bypass discharge (m3/s);Water travel time in the bypass process (h);Downriver reservoir of pump units;Upriver reservoir of pump units;Water travel time in pumping (h);Comments
</Hydro plants>;
<Thermal plants>;
ID;Name;Minimum power output (MW);Maximum power output (MW);Unitary linear cost ($/MW);Ramp-up limit (MW/h);Ramp-down limit (MW/h);Minimum up-time (h);Minimum down-time (h);Bus id;Constant cost ($);Start-up cost ($);Shut-down cost ($);Comments
1;g1;160.10070008418634;195.54283560342225;718.233534224712;136.88;136.88;1;1;10071;0;253.57320508466944;0;
2;g2;379.8478402729942;549.9;1024.350265137573;384.93;384.93;1;1;10079;0;5371.800095934752;0;
3;g3;7.882656654324663;11.6;113.0658849406766;8.12;8.12;1;1;10080;0;0.668089709979183;0;
4;g4;428.1057996864352;627.0;1102.7616125814295;438.9;438.9;4;4;10090;0;4261.402884964335;0;
5;g5;590.1698906211287;846.4342102738076;1253.7626747550685;592.5;592.5;1;1;10094;0;3498.0486087223835;0;
6;g6;121.83486618361462;1241.5;6725.03488299313;869.05;869.05;2;2;10095;0;12593.641824515495;0;
7;g7;1645.1051876819013;1645.1051876819013;0.0;1151.57;1151.57;4;4;10100;0;0.0;0;
8;g8;560.9595130024876;824.6577668647024;1452.4624972623953;577.26;577.26;1;1;10104;0;4315.356888439205;0;
9;g9;289.03502151396947;424.7828488392753;992.3348173419982;297.35;297.35;2;2;10115;0;4713.10832083095;0;
10;g10;289.9487226946094;427.38467785992077;876.6650315066489;299.17;299.17;2;2;10116;0;5941.559147690636;0;
11;g11;1355.5051735443956;1355.5051735443956;0.0;948.85;948.85;2;2;10118;0;0.0;0;
12;g12;434.6283939875137;649.0;1063.8382693695053;454.3;454.3;4;4;10126;0;4076.397883969692;0;
13;g13;2236.4455958528933;2236.4455958528933;0.0;1565.51;1565.51;4;4;10129;0;0.0;0;
14;g14;586.3652012865228;891.0;1400.1662263909475;623.7;623.7;2;2;10132;0;3772.9071380048226;0;
15;g15;661.0605704136468;990.0;684.6103311295634;693.0;693.0;2;2;10139;0;1589.7477382844463;0;
16;g16;1166.0708381595166;1314.5604752437582;263.38339187978653;920.19;920.19;1;1;10140;0;334.8281325806016;0;
17;g17;1516.5830335516303;1516.5830335516303;0.0;1061.61;1061.61;1;1;10141;0;0.0;0;
18;g18;125.0095492062333;168.48536084340947;536.1436042408471;117.94;117.94;2;2;10146;0;656.0724724999964;0;
19;g19;208.68141752261565;302.9387499436748;808.2254133268945;212.06;212.06;1;1;10150;0;2716.544212971813;0;
20;g20;87.62429171591302;127.57489862022959;605.3922054576216;89.3;89.3;4;4;10171;0;697.9066165653072;0;
21;g21;196.95270180940759;289.92333421014297;640.9792466747771;202.95;202.95;1;1;10176;0;4771.541387606998;0;
22;g22;198.52771399776714;288.3890891533426;724.2512641197088;201.87;201.87;1;1;10177;0;3723.7777614742217;0;
23;g23;355.9991018442689;534.6;975.0999593355435;374.22;374.22;4;4;10186;0;5205.964452668759;0;
24;g24;357.4528230301918;534.6;867.1726374197557;374.22;374.22;2;2;10187;0;5380.909712053371;0;
25;g25;359.54251772332617;531.3;896.8470375435577;371.91;371.91;4;4;10188;0;4774.0545777385805;0;
26;g26;292.2604163410361;542.3;1018.8215431937767;379.61;379.61;1;1;10189;0;4334.777565181014;0;
27;g27;391.9536911133073;600.6;1054.6436158494666;420.42;420.42;2;2;10190;0;4833.570410596319;0;
28;g28;391.6991907484894;599.5;1136.812213851518;419.65;419.65;4;4;10191;0;4208.899550682084;0;
29;g29;138.80471031855944;246.32264843819505;504.7097172268661;172.43;172.43;2;2;10192;0;2592.8659379463875;0;
30;g30;78.97815843700356;140.82801714477355;730.677595593559;98.58;98.58;4;4;10194;0;657.853346951571;0;
31;g31;113.75148695862678;161.60442154838887;457.55227820275996;113.12;113.12;2;2;10196;0;515.7121998678181;0;
32;g32;0;120.19154899025646;499.9684238718587;84.13;84.13;0;0;10223;0;0;0;
33;g33;101.99857829958194;264.9956386754312;791.6731111807658;185.5;185.5;4;4;10225;0;1502.6643040083509;0;
34;g34;47.774239636334;133.62709534365223;451.8960523242927;93.54;93.54;2;2;10226;0;1084.2265244001978;0;
35;g35;17.6;17.6;0.0;12.32;12.32;1;1;10227;0;7.246364879398035;0;
36;g36;24.581925974711474;26.850203372724042;317.7069737342922;18.8;18.8;2;2;10228;0;223.79818500073827;0;
37;g37;56.99269833645994;58.09077760017481;233.73330729412353;40.66;40.66;2;2;10229;0;136.51858227270546;0;
38;g38;0;0.0;0.0;0.01;0.01;0;0;10230;0;0;0;
39;g39;17.2;17.2;0.0;12.04;12.04;1;1;10232;0;7.0613661613787215;0;
40;g40;58.309356056648056;64.74707660622299;438.8742692425465;45.32;45.32;1;1;10233;0;71.99521807778805;0;
41;g41;4.595238095238098;4.595238095238098;0.0;3.22;3.22;4;4;10234;0;3.3383542247862623;0;
42;g42;31.67503483151629;38.19356887618558;604.0019630981589;26.74;26.74;2;2;10235;0;52.89985983634542;0;
43;g43;147.53596692066063;176.68331481919932;678.8229315182037;123.68;123.68;4;4;10236;0;492.65158608543317;0;
44;g44;62.95467260755908;71.81742145917043;1356.6199974387157;50.27;50.27;4;4;10237;0;661.3020022987989;0;
45;g45;82.76191221248794;90.8236787368248;239.62989060037532;63.58;63.58;1;1;10238;0;451.0443272403346;0;
46;g46;83.7591438404873;91.72152142082248;256.90482640089834;64.21;64.21;4;4;10239;0;446.68045182018847;0;
47;g47;0;0.0;9.932680962318335;0.01;0.01;0;0;10240;0;0;0;
48;g48;189.83328217451577;215.3286356565652;652.9989569589065;150.73;150.73;4;4;10246;0;271.57462751050355;0;
49;g49;109.64121882838951;150.1666599635122;444.37718795563876;105.12;105.12;2;2;10247;0;367.7858287228348;0;
50;g50;149.22566481549427;181.24299860752376;663.8885964101954;126.87;126.87;2;2;10248;0;340.1225864578034;0;
51;g51;150.46098454471354;187.31470898891274;649.189846333704;131.12;131.12;1;1;10249;0;324.35720514070834;0;
52;g52;387.9908908270194;572.0;920.2255892022508;400.4;400.4;4;4;10250;0;6581.808295878836;0;
53;g53;398.6258534639717;572.0;1075.3756662899161;400.4;400.4;2;2;10251;0;4135.330098230207;0;
54;g54;385.74929314395047;572.0;938.9985939113053;400.4;400.4;2;2;10252;0;5071.291668926027;0;
55;g55;205.85473732674706;286.20500715572325;658.0475187890149;200.34;200.34;2;2;10253;0;4030.513315142313;0;
56;g56;343.69818493439703;523.6;897.2263050420873;366.52;366.52;4;4;10254;0;4052.6370674923132;0;
57;g57;152.1516605740107;177.15507506868167;688.0086790412148;124.01;124.01;2;2;10255;0;412.88781806757373;0;
58;g58;286.90360889184734;425.63124505798015;954.4241479004507;297.94;297.94;4;4;10256;0;4113.854190447459;0;
59;g59;177.71609898515226;207.08690612150565;663.4403957796942;144.96;144.96;2;2;10257;0;292.0131462556034;0;
60;g60;155.32923316998597;189.33268232648734;700.1908386225394;132.53;132.53;1;1;10258;0;243.19931470819017;0;
61;g61;291.7303820079477;429.6895990841068;869.6270101473175;300.78;300.78;2;2;10259;0;5547.476274782632;0;
62;g62;436.6833626226172;650.1;1072.1063839241467;455.07;455.07;2;2;10260;0;4497.893378237938;0;
63;g63;588.345666085443;951.5;1280.0206866670626;666.05;666.05;2;2;10261;0;3208.251258432793;0;
64;g64;588.7617087158302;951.5;1307.1120922625737;666.05;666.05;4;4;10262;0;3762.1129863896726;0;
65;g65;70.7143360478319;102.76191137796313;1256.616474151397;71.93;71.93;4;4;10263;0;445.1948772090749;0;
66;g66;289.5358478568276;424.03646448686703;905.1297174628213;296.83;296.83;4;4;10264;0;4416.325698192298;0;
67;g67;285.8855606958943;426.4828408019373;891.4547354586903;298.54;298.54;1;1;10265;0;5880.485136951315;0;
68;g68;4.595238095238095;4.595238095238095;0.0;3.22;3.22;4;4;10266;0;2.88458378436153;0;
69;g69;4.3;4.4398052238025585;1.0735911657910369;3.11;3.11;4;4;10267;0;0.0;0;
70;g70;25.036599427597103;30.941803011343875;255.5033685657651;21.66;21.66;2;2;10268;0;219.94532490734736;0;
71;g71;101.10144498962899;284.54367690936397;958.6146082803552;199.18;199.18;2;2;10269;0;2444.6358896605047;0;
72;g72;0;0.0;6.8408886715133415;0.02;0.02;0;0;10270;0;0.0;0;
73;g73;189.85368350694634;231.07913262808438;544.4338121834338;161.76;161.76;2;2;10271;0;3425.473262589222;0;
74;g74;31.58516578594825;35.41670391589585;836.921446563369;24.79;24.79;1;1;10272;0;56.62496609804754;0;
75;g75;181.49106805113698;250.5458970624884;469.27003428950735;175.38;175.38;2;2;10273;0;4299.031624209463;0;
76;g76;80.47859169245625;222.10738295768562;462.45256062463193;155.48;155.48;4;4;10274;0;998.3480251705225;0;
77;g77;21.76324721276542;103.01641466221889;452.36426239008046;72.11;72.11;1;1;10275;0;790.1071851926538;0;
78;g78;115.30373334259613;161.6376169745868;470.1911956235135;113.15;113.15;1;1;10276;0;534.6323329084198;0;
79;g79;84.25601926519478;122.07486665627583;551.8840089258288;85.45;85.45;4;4;10277;0;668.9539681410996;0;
80;g80;158.1791047643303;189.39046541074268;684.0832125663043;132.57;132.57;1;1;10278;0;205.41768973005705;0;
81;g81;159.41471240375108;188.999194345926;672.0690188189716;132.3;132.3;2;2;10279;0;176.90554768724644;0;
82;g82;3.642220500837559;3.642220500837559;12.711803172094525;2.61;2.61;1;1;10281;0;5.469679078042736;0;
83;g83;103.59927364720983;279.6050139406382;862.9801531372826;195.72;195.72;1;1;10282;0;2083.1874887194786;0;
84;g84;432.858232642195;769.7179416890103;1261.0482716680983;538.8;538.8;2;2;10284;0;4244.4828324034515;0;
85;g85;0;0.0;13.914934605741099;0.03;0.03;0;0;10285;0;0.0;0;
86;g86;25.29897657293288;30.67644086432398;319.4846477612758;21.47;21.47;4;4;10288;0;330.0754107984299;0;
87;g87;4.124273152825409;31.124095371852523;671.0579774283664;21.79;21.79;2;2;10289;0;380.9116622933976;0;
88;g88;32.923317299677386;37.14168715175401;798.354314383838;26.0;26.0;2;2;10290;0;56.25496866200891;0;
89;g89;7.880149724033228;8.8;44.47783223487482;6.16;6.16;4;4;10291;0;0.0;0;
90;g90;324.41759737649966;477.4;928.8968404482656;334.18;334.18;4;4;10292;0;3533.1446108015725;0;
91;g91;23.792841331878833;28.02985577398973;282.61957566184776;19.62;19.62;4;4;10293;0;260.7797777869841;0;
92;g92;8.222930138179526;12.1;184.49180864500048;8.47;8.47;1;1;10294;0;6.914065295333154;0;
93;g93;183.27564129814402;225.73706597245314;549.0513592161146;158.02;158.02;2;2;10295;0;3020.057298404519;0;
94;g94;199.6434956416715;300.03194720146917;752.057406937962;210.02;210.02;2;2;10296;0;4362.495259898897;0;
95;g95;125.03208639156398;215.1178792380837;477.1607957614117;150.58;150.58;1;1;24;0;1175.5663254074773;0;
96;g96;174.26188377064085;192.0100371365989;644.7048222457664;134.41;134.41;2;2;25;0;70.01538274079644;0;
97;g97;240.9137280421593;368.78516391861456;732.2791853269587;258.15;258.15;4;4;37;0;3595.706988585485;0;
98;g98;241.30864305191776;369.18850765749585;948.1819894515332;258.43;258.43;4;4;37;0;3699.936662534306;0;
99;g99;241.85645443611122;369.22258746589125;725.6044239375206;258.46;258.46;2;2;38;0;4679.290555177019;0;
100;g100;240.7486277356162;368.90234120341984;753.7695360779026;258.23;258.23;4;4;38;0;3481.159971038145;0;
101;g101;245.9790909693363;365.65474407753754;930.2319180137622;255.96;255.96;4;4;39;0;1938.4780009429219;0;
102;g102;246.21369440526192;365.840833926508;987.981073403078;256.09;256.09;4;4;40;0;4026.8719818849972;0;
103;g103;242.07102115536807;368.42919879438483;887.062801947327;257.9;257.9;4;4;40;0;3584.1400310048734;0;
104;g104;240.39507360325302;368.8150873404272;760.6734080286508;258.17;258.17;2;2;40;0;3599.8565447360766;0;
105;g105;248.0277554351434;364.4308206253288;879.2219499160869;255.1;255.1;1;1;41;0;2816.1363530194935;0;
106;g106;243.87744393410753;366.9251902915078;848.8527779334204;256.85;256.85;4;4;41;0;3093.8738812193346;0;
107;g107;247.60653138530898;365.0482502834253;774.3748693350142;255.53;255.53;1;1;41;0;3522.914530749289;0;
108;g108;117.85622472116776;211.9258251091083;458.0063435828019;148.35;148.35;4;4;57;0;1453.6340588662738;0;
109;g109;135.49536820106434;214.59584954060824;630.7584425542329;150.22;150.22;4;4;57;0;1030.9280446846485;0;
110;g110;137.05285852169055;218.81045952735124;659.9654977886427;153.17;153.17;2;2;58;0;968.4955150575342;0;
111;g111;136.08192074097616;216.73907065915498;695.6448551080287;151.72;151.72;1;1;58;0;847.7074086834295;0;
112;g112;130.94788617652748;216.8030010613588;488.1289818336231;151.76;151.76;4;4;58;0;1086.7446012903702;0;
113;g113;126.45929636604865;218.55940576980706;492.08818161071287;152.99;152.99;1;1;59;0;1249.3340406364014;0;
114;g114;274.17551485214636;535.0;1168.7361864469958;374.5;374.5;2;2;60;0;3351.3913985938498;0;
115;g115;260.8644855231141;560.0;1385.7025977438843;392.0;392.0;1;1;61;0;3683.632341555661;0;
116;g116;157.75437147738566;215.24189634830228;697.2297011879315;150.67;150.67;1;1;70;0;582.3319834974977;0;
117;g117;165.09437577333352;213.6246306300252;693.041359312325;149.54;149.54;2;2;71;0;379.0351469951489;0;
118;g118;155.80496353251746;214.97460081710332;715.3775375106727;150.48;150.48;2;2;71;0;587.678097394071;0;
119;g119;155.35194936950887;215.11494443982716;715.841975271925;150.58;150.58;2;2;72;0;605.9427066753515;0;
120;g120;156.4845854777775;214.79221480429965;719.519182553245;150.35;150.35;1;1;72;0;563.0718716807625;0;
121;g121;162.99137112395738;213.11130386573367;720.7650503742562;149.18;149.18;2;2;73;0;349.0800149517876;0;
122;g122;159.32669334037388;215.4461864382738;678.1516028013817;150.81;150.81;2;2;73;0;587.5496454540123;0;
123;g123;0;110.95597573660069;447.4609245930764;77.67;77.67;0;0;74;0;659.1623001451038;0;
124;g124;135.78857195765758;214.52631092547674;632.7219856288646;150.17;150.17;1;1;94;0;949.7701542521303;0;
125;g125;179.7933902885047;218.01370211259862;656.2477873102953;152.61;152.61;2;2;94;0;656.4669037289809;0;
126;g126;155.84430180981613;215.27213485968326;717.0979500474734;150.69;150.69;2;2;95;0;613.9325569686761;0;
127;g127;137.54098121142067;218.5471529713408;673.8452737805278;152.98;152.98;2;2;95;0;920.0188698527751;0;
128;g128;163.42538128274865;214.44163699814095;688.7455629004418;150.11;150.11;2;2;95;0;456.25431000478045;0;
129;g129;223.2873859775788;380.21165756123713;869.4490635412973;266.15;266.15;2;2;98;0;3357.3246216294956;0;
130;g130;228.2165395554883;375.0075389282497;947.4522388936816;262.51;262.51;4;4;98;0;4267.315164748884;0;
131;g131;3.1648199201770026;11.930748533146176;247.38053947927398;8.35;8.35;1;1;115;0;67.63902184971062;0;
132;g132;0;5.688819121147722;21.675205138810057;3.98;3.98;0;0;115;0;4.681514728443471;0;
133;g133;130.39310581088517;219.66669570314707;621.2077122321688;153.77;153.77;2;2;121;0;1119.0279247472952;0;
134;g134;133.25455580024706;218.14692711287915;652.8232341591588;152.7;152.7;1;1;122;0;921.8151026884872;0;
135;g135;76.95111106041672;117.13529559647054;618.1834572930552;81.99;81.99;1;1;123;0;530.9337547647732;0;
136;g136;70.9722893052749;115.39238989195741;486.72281134984894;80.77;80.77;1;1;124;0;838.0511737111913;0;
137;g137;71.52222183195578;115.31050242400852;541.3065547755467;80.72;80.72;1;1;134;0;788.4149705040545;0;
138;g138;72.1241317045538;115.34688675314098;688.6871034715624;80.74;80.74;4;4;135;0;668.4820468830579;0;
139;g139;88.2385778763819;105.61014340076046;724.7151376391216;73.93;73.93;4;4;136;0;346.0579038185589;0;
140;g140;169.69085775783537;207.8354929794691;644.9309084117757;145.48;145.48;1;1;144;0;450.69946170561184;0;
141;g141;176.9293274916751;206.5013722439316;670.747233527569;144.55;144.55;4;4;145;0;222.6770229587042;0;
142;g142;168.87107386990584;218.604785373272;672.0786017878;153.02;153.02;4;4;145;0;635.1187497779218;0;
143;g143;182.61431479489076;216.6206518501799;658.7863751997453;151.63;151.63;2;2;146;0;315.5261342616732;0;
144;g144;174.2225550068125;212.5725114018068;653.630483591715;148.8;148.8;4;4;146;0;424.37937994423754;0;
145;g145;0;251.11436731642212;896.7684363768151;175.78;175.78;0;0;152;0;829.4818934708627;0;
146;g146;0;249.1115950823978;599.8950883010355;174.38;174.38;0;0;152;0;910.0854858576929;0;
147;g147;0;253.1194010161731;650.7653782030202;177.18;177.18;0;0;153;0;788.4191591542738;0;
148;g148;0;248.4437837192578;699.6240789626646;173.91;173.91;0;0;153;0;906.4776618021313;0;
149;g149;116.44512712786883;119.29299113920266;310.76514722348185;83.51;83.51;1;1;154;0;149.73796236483273;0;
150;g150;117.6032273787959;119.20993627205505;224.9209967847096;83.45;83.45;4;4;155;0;157.151873253003;0;
151;g151;111.31640082787138;116.94242792749323;330.6785655054253;81.86;81.86;2;2;155;0;202.58476596506696;0;
152;g152;44.60000190514923;48.85060277388297;286.13933600244576;34.2;34.2;4;4;169;0;219.04825565204612;0;
153;g153;83.5480518010696;117.30765320408739;647.0974431891119;82.12;82.12;1;1;170;0;524.7834200260934;0;
154;g154;45.970681493808286;46.26515492195132;361.28015635418654;32.39;32.39;4;4;170;0;76.9078066766632;0;
155;g155;122.06989469128848;225.33722043466793;507.92109209700527;157.74;157.74;4;4;172;0;1383.319187634797;0;
156;g156;174.91803073753832;196.1336126961372;654.9231891313926;137.29;137.29;4;4;172;0;87.69776964159344;0;
157;g157;171.22822906651265;196.4573405274403;681.0447669372124;137.52;137.52;2;2;173;0;136.00128397062127;0;
158;g158;107.41173546137779;216.59036776687094;491.8325684100908;151.61;151.61;2;2;173;0;1252.5753577977734;0;
159;g159;130.92165571166782;209.84332813357065;481.85653146556456;146.89;146.89;1;1;174;0;1035.577446428077;0;
160;g160;106.37377456664211;215.75909677691692;499.0594093573282;151.03;151.03;2;2;175;0;1134.3318564318968;0;
161;g161;125.85430046495495;224.31673457243147;515.8726487784331;157.02;157.02;4;4;175;0;1267.0638989063502;0;
162;g162;132.54762110457744;254.93259615745083;488.05712777268013;178.45;178.45;2;2;180;0;3467.3444063981365;0;
163;g163;123.1218086856976;259.5873998739918;526.7122124819936;181.71;181.71;1;1;180;0;3994.6005262703598;0;
164;g164;132.92231651958875;199.97845211977076;589.738180044933;139.98;139.98;2;2;181;0;773.6569595647024;0;
165;g165;153.12457214325883;251.52700109342615;494.99988571915316;176.07;176.07;1;1;181;0;3699.6029667335015;0;
166;g166;99.39472706513642;232.78408770952865;586.7609632272373;162.95;162.95;4;4;182;0;1296.2587909349077;0;
167;g167;102.18663219019454;233.00203251112566;533.5009444571388;163.1;163.1;4;4;182;0;1318.978029724419;0;
168;g168;132.36054009464962;199.9926535377644;606.2617838026151;139.99;139.99;1;1;183;0;771.0111288428413;0;
169;g169;134.49548899538922;199.71215113246436;588.2879792108012;139.8;139.8;4;4;183;0;753.8704740370745;0;
170;g170;185.02008410525622;193.16282243925139;599.2649153745324;135.21;135.21;2;2;191;0;95.60943179749113;0;
171;g171;183.34158554926472;192.73763202265127;620.0948112442347;134.92;134.92;4;4;192;0;65.71643139904953;0;
172;g172;183.93147371562833;193.2554411569047;610.9202648222869;135.28;135.28;4;4;192;0;74.76601019785845;0;
173;g173;184.13851621242637;193.70378349120728;724.9709812933967;135.59;135.59;1;1;192;0;53.38574326178483;0;
174;g174;211.29974780261557;463.7731180411142;909.7053807070885;324.64;324.64;4;4;193;0;4563.614696395577;0;
175;g175;125.83775991146155;171.20326344186188;488.62555587658113;119.84;119.84;2;2;208;0;1123.5558556343642;0;
176;g176;0;336.44384828187737;1257.2425973212873;235.51;235.51;0;0;240;0;585.7973934456029;0;
177;g177;0;290.00340886404706;925.418603443776;203.0;203.0;0;0;240;0;739.0754633541185;0;
178;g178;0;322.1492951211653;916.3692790406689;225.5;225.5;0;0;240;0;787.7538618777742;0;
179;g179;0;304.03031162324754;1065.7021213271053;212.82;212.82;0;0;241;0;0;0;
180;g180;127.1175691635128;214.2800816316689;468.5334738912804;150.0;150.0;1;1;244;0;1096.5648917295312;0;
181;g181;25.00015679042647;51.97116212853754;154.08540804921589;36.38;36.38;2;2;254;0;23.42083770124515;0;
182;g182;25.10971501026353;47.68459805544215;131.5489446650037;33.38;33.38;4;4;254;0;249.6770622723457;0;
183;g183;25.137353416036962;47.52093518965309;137.47695983732336;33.26;33.26;4;4;254;0;103.5217920617587;0;
184;g184;11.143653748945347;20.78589549152282;388.38751301064656;14.55;14.55;4;4;254;0;538.3734956626292;0;
185;g185;0;1.8093717174037722;3.8177746537998565;1.27;1.27;0;0;267;0;0;0;
186;g186;0;1.4043344115776253;3.4057580506886675;0.98;0.98;0;0;268;0;0;0;
187;g187;5.9;6.077215637501549;40.818248227759575;4.25;4.25;1;1;278;0;0.0;0;
188;g188;5.9;6.121525847998734;19.634599845056837;4.29;4.29;1;1;279;0;0.0;0;
189;g189;1.3324134408479849;4.695141410803284;15.267996205406781;3.29;3.29;1;1;295;0;6.404446185317685;0;
190;g190;1.3472275308731654;4.648266034902202;14.982201647311996;3.25;3.25;4;4;295;0;5.899015725521521;0;
191;g191;1.200994833731872;4.731728279660344;16.58096963899358;3.31;3.31;4;4;295;0;3.348825850334525;0;
192;g192;1.0852847403223167;4.689181534673361;16.147304532890665;3.28;3.28;1;1;295;0;1.7724971511359933;0;
193;g193;246.62122070528784;365.5479308270758;923.8472162815104;255.88;255.88;1;1;310;0;2314.7095447246156;0;
194;g194;2.0071449545186875;4.784413677710283;8.855179305697988;3.35;3.35;4;4;316;0;14.783840949037783;0;
195;g195;1.2988362074298627;5.220484515252396;16.803429345696816;3.65;3.65;2;2;316;0;4.665458235936134;0;
196;g196;5.4;5.650312555076612;28.850764304823553;3.96;3.96;2;2;376;0;0.0;0;
197;g197;0;0.516249443608904;13.682344837377062;0.36;0.36;0;0;379;0;0.0;0;
198;g198;0;0.4521149412232719;12.948217225386667;0.32;0.32;0;0;379;0;0.0;0;
199;g199;0;0.43036281923505204;15.510599470884644;0.3;0.3;0;0;379;0;0.0;0;
200;g200;19.709102253177157;23.2216197395277;290.1794127151418;16.26;16.26;2;2;383;0;356.3138138805277;0;
201;g201;21.472159755582865;26.927764576289952;454.09173264450754;18.85;18.85;4;4;383;0;231.43130191705214;0;
202;g202;17.08516280488687;22.338469312201624;388.4635067201187;15.64;15.64;1;1;383;0;151.7143071599749;0;
203;g203;24.92363207039805;52.16283519157195;153.38790908870402;36.51;36.51;1;1;384;0;268.39474388568095;0;
204;g204;20.619101898636387;53.070439597414406;197.48299624145648;37.15;37.15;1;1;384;0;374.91770382957185;0;
205;g205;10.0;32.1289698816813;71.38013526120838;22.49;22.49;1;1;385;0;4.998455928370898;0;
206;g206;21.117190638644267;52.41743858173391;173.6632446922426;36.69;36.69;1;1;385;0;312.4370047249356;0;
207;g207;25.100503123393597;47.42037680520954;133.4080013587023;33.19;33.19;1;1;387;0;156.898459914735;0;
208;g208;56.56168899551272;92.95745652557659;1020.7797214722225;65.07;65.07;1;1;387;0;405.90324382688226;0;
209;g209;25.202331480662536;51.457025566580484;134.57887788663373;36.02;36.02;1;1;388;0;8.306093384882256;0;
210;g210;2.0764849430040604;2.8;16.680792345878064;1.96;1.96;4;4;399;0;0.2925074069814814;0;
211;g211;1.4;1.6028568676354864;2.5955391995829555;1.12;1.12;1;1;433;0;0.0;0;
212;g212;15.0;50.22057635018383;112.84009640286882;35.15;35.15;4;4;455;0;52.962689589635;0;
213;g213;20.602361711443464;51.9040204060705;156.75624451140325;36.33;36.33;2;2;456;0;276.76087459037325;0;
214;g214;15.450955891489304;52.559694005371156;208.6247984196989;36.79;36.79;2;2;457;0;316.5258254473474;0;
215;g215;15.307631305030188;70.07809587570723;1382.5283058791858;49.05;49.05;1;1;457;0;1214.6010549095522;0;
216;g216;16.382637517321047;51.95319051874437;153.3932789162905;36.37;36.37;1;1;458;0;402.4168906276806;0;
217;g217;15.336752602177718;52.30103237666648;202.19353832219593;36.61;36.61;1;1;458;0;127.25538231271196;0;
218;g218;127.40202205544718;222.16243816576073;598.3410004985608;155.51;155.51;2;2;478;0;1319.1197457235057;0;
219;g219;18.808392040077365;21.842779338265355;423.1067855883304;15.29;15.29;1;1;478;0;564.3598816231988;0;
220;g220;17.0;17.0;0.0;11.9;11.9;1;1;479;0;7.133271323476794;0;
221;g221;4.007374136969236;4.007374136969236;0.0;2.82;2.82;1;1;482;0;5.468980969672852;0;
222;g222;0;0.0;3.4633846277261937;0.02;0.02;0;0;500;0;0.0;0;
223;g223;4.820908730622119;4.9446284267071725;24.987432835182094;3.46;3.46;1;1;522;0;7.446721981554801;0;
224;g224;0;0.0;0.0;0.0;0.0;0;0;527;0;0.17382898410116676;0;
225;g225;1.1704157663323862;5.904807314753652;19.322896534667347;4.13;4.13;4;4;532;0;2.928564611664235;0;
226;g226;1.5818381777370856;5.971056202057194;18.780018170632694;4.18;4.18;1;1;532;0;10.443003105097803;0;
227;g227;2.0609029442243916;5.476552413398029;11.87841447312073;3.83;3.83;4;4;532;0;11.195563927832977;0;
228;g228;2.7180011939112667;3.0;17.08774657560997;2.1;2.1;2;2;543;0;0.1843006096494298;0;
229;g229;0;0.0;0.0;0.0;0.0;0;0;572;0;0.59618454788111;0;
230;g230;1.0;1.5813923530975487;14.585097940417732;1.11;1.11;2;2;597;0;0.0;0;
231;g231;1.0;1.3449144186246067;9.178726033295206;0.94;0.94;1;1;597;0;0.0;0;
232;g232;3.730274640015364;3.730274640015364;30.447195556527475;2.62;2.62;1;1;603;0;2.4950393139661444;0;
233;g233;48.14707528061374;51.20254166104487;209.1459174160314;35.84;35.84;4;4;670;0;178.83651543834614;0;
234;g234;16.58533972146281;23.727869075894837;438.5453806362237;16.61;16.61;4;4;670;0;139.22026166415733;0;
235;g235;73.15018710571695;100.97615257981894;1236.6565665928488;70.68;70.68;1;1;670;0;219.917400572552;0;
236;g236;70.98663412309368;101.35221032171961;1314.1217516195368;70.95;70.95;4;4;670;0;217.58920915898818;0;
237;g237;16.651229168813163;23.54593652081722;354.21331672509706;16.48;16.48;4;4;671;0;196.4846950290188;0;
238;g238;19.11449350884841;26.801143803649474;368.9580247771591;18.76;18.76;4;4;671;0;236.0646471679736;0;
239;g239;18.54207311839447;23.436962889997183;365.99763106188055;16.41;16.41;2;2;671;0;229.0284129079107;0;
240;g240;71.65208147324456;121.92687481347141;612.6527043936765;85.35;85.35;2;2;671;0;780.0872357597058;0;
241;g241;72.34731607502377;101.11570352646314;1286.7343785391743;70.78;70.78;4;4;671;0;216.1238796906012;0;
242;g242;1.3;1.4449821728871937;15.382229516955467;1.01;1.01;4;4;692;0;0.0;0;
243;g243;0;0.0;7.571119851229914;0.04;0.04;0;0;694;0;0.0;0;
244;g244;12.613002085260119;29.78964554315773;363.85618952210456;20.85;20.85;1;1;700;0;303.023711465417;0;
245;g245;13.816533840966775;18.201079485397734;280.2183226431675;12.74;12.74;1;1;700;0;296.4838322563418;0;
246;g246;9.60181212510449;18.720197677809512;170.7151850748672;13.1;13.1;1;1;701;0;80.14772762129577;0;
247;g247;11.852932906832901;17.88398091934429;230.13992118706938;12.52;12.52;2;2;701;0;111.81950814620234;0;
248;g248;11.161199712096405;23.840859571685957;305.77226315673715;16.69;16.69;1;1;701;0;115.35054028107663;0;
249;g249;30.0;87.97360634363876;490.38219257187916;61.58;61.58;4;4;701;0;245.15122571038643;0;
250;g250;11.746692337480564;19.619028085844807;223.2392321801224;13.73;13.73;2;2;702;0;194.74012221267816;0;
251;g251;21.88798570497282;26.634165799500547;321.72002244407867;18.64;18.64;2;2;702;0;161.86131231624185;0;
252;g252;19.935497800420166;24.92812737007931;391.8885666799016;17.45;17.45;2;2;702;0;145.0334100601831;0;
253;g253;1.0817499770182695;7.9256818390743;44.44901285208741;5.55;5.55;1;1;735;0;11.048961170157293;0;
254;g254;1.3527180291802705;1.6028264284070521;13.975314558060843;1.12;1.12;4;4;735;0;0.0;0;
255;g255;3.9512656113682203;4.080667626028889;1.0298375764651475;2.86;2.86;1;1;752;0;1.1435015098703256;0;
256;g256;0;2.3675870748181076;7.843569667453059;1.66;1.66;0;0;766;0;0;0;
257;g257;0;4.531906574291222;15.700874484762531;3.17;3.17;0;0;775;0;0;0;
258;g258;3.6519039093790147;92.54159008112744;520.0869618497982;64.78;64.78;1;1;798;0;300.280843680142;0;
259;g259;5.086609549002783;29.489196002125794;723.8966480343274;20.64;20.64;2;2;798;0;339.0419147012226;0;
260;g260;0;2.0613780169832516;6.218437035461365;1.44;1.44;0;0;801;0;0.0;0;
261;g261;0;5.506056280569801;21.931232042535637;3.85;3.85;0;0;808;0;0;0;
262;g262;0;5.381985140832748;18.758470617245308;3.77;3.77;0;0;809;0;8.174150902974143;0;
263;g263;151.2112131096427;217.72376528155706;669.8294416964715;152.41;152.41;4;4;846;0;901.6823554093967;0;
264;g264;126.82513327826376;218.41625219546202;461.8479466764314;152.89;152.89;1;1;847;0;1069.74426626695;0;
265;g265;0;2.391013437611619;6.727462012529501;1.67;1.67;0;0;854;0;0.0;0;
266;g266;0;11.844064180798547;270.3737042941665;8.29;8.29;0;0;860;0;118.67213990498568;0;
267;g267;70.50603542523436;167.9245684547938;442.2328196446883;117.55;117.55;1;1;870;0;1100.0847541304875;0;
268;g268;46.3180560506992;52.62623157894555;147.24714387290857;36.84;36.84;4;4;870;0;186.3823688084245;0;
269;g269;3.6105986271727017;20.510464521970047;478.28339578413295;14.36;14.36;2;2;876;0;134.51570935950767;0;
270;g270;1.0889644399000589;5.686577607371702;18.686231804444144;3.98;3.98;4;4;890;0;10.357135775602048;0;
271;g271;0;9.60819470533652;49.230287706628154;6.73;6.73;0;0;893;0;0;0;
272;g272;4.736250587890709;24.790704566138498;915.7031444264753;17.35;17.35;2;2;908;0;214.28855278617564;0;
273;g273;0;1.3930418483995277;5.263832675139818;0.98;0.98;0;0;913;0;0;0;
274;g274;0;1.3771307876090693;4.962309289888235;0.96;0.96;0;0;918;0;0.0;0;
275;g275;1.420889252306469;1.8560251516078639;4.18152034351749;1.3;1.3;2;2;929;0;0.0;0;
276;g276;154.20525663404715;216.03040536555238;695.7101654578673;151.22;151.22;1;1;934;0;700.8938222800417;0;
277;g277;2.3901955107213912;24.083045251512235;614.5792382917707;16.86;16.86;2;2;936;0;334.7527368766541;0;
278;g278;1.8;2.7;12.585050934438394;1.89;1.89;1;1;939;0;0.19477223519769285;0;
279;g279;71.04744435236333;97.16782569947634;1176.1082718438342;68.02;68.02;1;1;959;0;211.64691071453382;0;
280;g280;0;11.827197015910427;244.77621519129758;8.28;8.28;0;0;965;0;96.42691669862553;0;
281;g281;1.6274127492528694;11.75055825133366;196.35104897117526;8.23;8.23;4;4;980;0;60.456184831972045;0;
282;g282;0;1.4516562509539774;15.879542527202128;1.02;1.02;0;0;982;0;0.0;0;
283;g283;1.1660979560046278;5.787214538563783;19.69229568141943;4.05;4.05;2;2;984;0;2.54251068311827;0;
284;g284;0;7.868621080045776;43.8235836372882;5.51;5.51;0;0;989;0;5.832695430382522;0;
285;g285;8.467510901149435;63.723831344813384;997.6455658297444;44.61;44.61;1;1;993;0;230.48466696748918;0;
286;g286;7.146938991008094;65.60877290838374;1682.942847704745;45.93;45.93;4;4;993;0;209.83322516957463;0;
287;g287;0;49.55993451137168;1587.5232550619514;34.69;34.69;0;0;993;0;229.4807871315957;0;
288;g288;0;49.04488684999436;2106.7076009308903;34.33;34.33;0;0;993;0;370.6040922120573;0;
289;g289;0;48.62566010164945;416.7848883959443;34.04;34.04;0;0;1008;0;35.43039598836311;0;
290;g290;102.86900700512123;123.47464680751416;671.2714013921291;86.43;86.43;2;2;1008;0;314.6500082574686;0;
291;g291;86.97203514331119;121.46246063062719;571.6521759138396;85.02;85.02;1;1;1009;0;658.1381751664837;0;
292;g292;5.288922189022678;21.381403274749278;555.2795094220521;14.97;14.97;1;1;1009;0;162.96222921554923;0;
293;g293;0;2.0510222889690644;6.634434111010438;1.44;1.44;0;0;1021;0;0.0;0;
294;g294;2.4999594539563557;3.4;23.846875204881503;2.38;2.38;2;2;1049;0;0.16614979203244049;0;
295;g295;6.305239509420649;24.62995676245862;457.0208617765968;17.24;17.24;4;4;1056;0;121.2125562629943;0;
296;g296;4.373652309710231;24.695634629821182;650.299477571146;17.29;17.29;1;1;1056;0;219.2758389806284;0;
297;g297;3.7523903496345725;25.439630012788587;568.7292113380195;17.81;17.81;4;4;1056;0;229.19107215809376;0;
298;g298;5.75705613054509;26.620011380612784;858.0096592886881;18.63;18.63;1;1;1056;0;259.5999746418798;0;
299;g299;21.46788036161704;71.94767587738242;867.8835399659527;50.36;50.36;4;4;1087;0;1391.25947223386;0;
300;g300;45.88972559370935;46.03494345318082;202.2337206838336;32.22;32.22;2;2;1111;0;35.76339368079787;0;
301;g301;52.60740006895515;52.60740006895515;0.0;36.83;36.83;2;2;1111;0;140.6360254382825;0;
302;g302;52.448601572891626;52.448601572891626;0.0;36.71;36.71;2;2;1112;0;136.68124152288848;0;
303;g303;33.5883533294292;109.36861553663692;573.7866429262342;76.56;76.56;2;2;1188;0;723.7729278862566;0;
304;g304;37.079464191956596;107.26762738888128;514.5745706133847;75.09;75.09;1;1;1189;0;591.9924071199554;0;
305;g305;0;16.545443710194107;489.11617974497204;11.58;11.58;0;0;1193;0;0;0;
306;g306;222.56183743586143;383.65952094206466;1001.2091599067046;268.56;268.56;4;4;1214;0;3606.900458188208;0;
307;g307;226.2487142131903;378.20132540937766;890.3619517318372;264.74;264.74;2;2;1215;0;2755.0832855312706;0;
308;g308;1.1728843727498641;5.842832388409215;20.839708675229183;4.09;4.09;4;4;1219;0;3.132412255670422;0;
309;g309;41.05735047163368;127.69000010031229;378.0898146072155;89.38;89.38;1;1;1220;0;1155.7735569045203;0;
310;g310;1.604843596788088;12.60011825118948;348.4454201580576;8.82;8.82;4;4;1226;0;130.99514885018164;0;
311;g311;0;12.48725466182346;355.3598637418409;8.74;8.74;0;0;1226;0;124.2130260367566;0;
312;g312;2.3191831973357138;19.86930777768047;703.1021112782022;13.91;13.91;4;4;1227;0;210.66257791299708;0;
313;g313;2.374890816091421;19.70810188328825;603.0041573958285;13.8;13.8;4;4;1227;0;247.75307560494485;0;
314;g314;1.7138789301402924;18.71797829711169;623.137477826443;13.1;13.1;4;4;1228;0;270.7403880084919;0;
315;g315;18.05221125745486;20.982442315357027;280.805447164346;14.69;14.69;2;2;1237;0;566.5296024367989;0;
316;g316;18.26885597298797;21.487213418717687;285.6501566228381;15.04;15.04;1;1;1238;0;451.5476633750211;0;
317;g317;17.603398507673816;26.510185265551204;410.1634822261581;18.56;18.56;1;1;1239;0;176.63468163973135;0;
318;g318;46.554311485746275;48.919251148062344;243.20152390536964;34.24;34.24;1;1;1330;0;154.74828613549167;0;
319;g319;43.61219108422352;48.363746342802585;233.07233184629055;33.85;33.85;1;1;1330;0;272.0053603747221;0;
320;g320;46.773896935311114;48.99150264709631;244.75957663718006;34.29;34.29;2;2;1330;0;148.30614209820024;0;
321;g321;45.2868537501231;48.608051098764875;237.08360505995384;34.03;34.03;4;4;1331;0;199.1717141447031;0;
322;g322;16.605805527126705;20.885025077081753;237.58687202848384;14.62;14.62;4;4;1354;0;495.04749401087577;0;
323;g323;17.831501096756817;21.21946264450516;230.7678461419889;14.85;14.85;1;1;1354;0;488.2660693058206;0;
324;g324;17.5648890227826;21.187739903627158;264.6195027461542;14.83;14.83;1;1;1354;0;532.3558015142273;0;
325;g325;17.53127616445463;21.291374115718874;244.26028670120994;14.9;14.9;1;1;1354;0;505.3920638358199;0;
326;g326;3.169448470921558;24.64811214775371;726.8358225111948;17.25;17.25;2;2;1371;0;349.4548991464154;0;
327;g327;4.064530639732096;24.891171157049758;696.6559399130231;17.42;17.42;2;2;1372;0;263.6154939854537;0;
328;g328;2.12965929918179;24.90288735148132;824.4884579554802;17.43;17.43;2;2;1373;0;281.16314597086307;0;
329;g329;0;5.816470431196214;23.012418458885673;4.07;4.07;0;0;1373;0;2.4308133439367974;0;
330;g330;21.067471002855488;67.59941450458268;819.0631592820351;47.32;47.32;1;1;1400;0;107.43887812517896;0;
331;g331;43.962035306420894;48.46813051047549;339.33105249264645;33.93;33.93;2;2;1401;0;244.23391131235857;0;
332;g332;21.807301350499767;67.88382619214161;937.5170923945991;47.52;47.52;4;4;1401;0;241.76958876666734;0;
333;g333;10.0;48.57142857142857;111.31899986688515;34.0;34.0;2;2;1408;0;6.458898638168653;0;
334;g334;8.075295722697115;23.20769546710931;802.674748300817;16.25;16.25;2;2;1469;0;316.03365904657903;0;
335;g335;7.997847790368111;16.440375664178436;450.63385169796203;11.51;11.51;4;4;1469;0;125.24273588233581;0;
336;g336;3.502597161097315;14.49011127966179;377.0309486118949;10.14;10.14;4;4;1470;0;141.8374699428532;0;
337;g337;4.115094932082142;14.492537203332564;247.7307414119731;10.14;10.14;1;1;1470;0;149.05870292093542;0;
338;g338;4.153813077123682;14.444983196878747;308.6930205949101;10.11;10.11;4;4;1470;0;138.56473790483605;0;
339;g339;0;4.640290002167137;15.240883224248538;3.25;3.25;0;0;1471;0;0;0;
340;g340;0;5.082702499159211;17.45484967760973;3.56;3.56;0;0;1471;0;3.434693179830283;0;
341;g341;0;7.188051350976628;46.159979294334654;5.03;5.03;0;0;1505;0;10.406701469863824;0;
342;g342;0;7.57068878366894;50.513259239398;5.3;5.3;0;0;1505;0;16.079530083542867;0;
343;g343;21.628190740619214;52.76519111399094;166.82262814226277;36.94;36.94;1;1;1511;0;423.2351803259974;0;
344;g344;129.9822562782249;224.90016612127013;629.3334917629973;157.43;157.43;4;4;1512;0;1143.6194901848362;0;
345;g345;130.0901741798257;219.8165418071004;631.0818834323472;153.87;153.87;2;2;1513;0;1099.2093262346525;0;
346;g346;1.4346206365944891;17.822358430429666;571.1517479098156;12.48;12.48;2;2;1570;0;229.41516494482656;0;
347;g347;5.0187754393078;22.969212763191983;593.0155104672938;16.08;16.08;1;1;1570;0;154.04319668190863;0;
348;g348;4.31571432273285;24.62700902926208;625.8413659385191;17.24;17.24;2;2;1570;0;189.2062171646061;0;
349;g349;79.05004295971322;118.19701308716361;428.268899000477;82.74;82.74;1;1;1578;0;649.6805922653365;0;
350;g350;80.18227478033772;118.96043997073156;563.4591526994417;83.27;83.27;2;2;1579;0;809.9990850841343;0;
351;g351;85.23702106528127;116.96171753957226;719.109937879639;81.87;81.87;2;2;1580;0;431.4477271893151;0;
352;g352;94.29523274716743;104.03507218475191;312.89468614930564;72.82;72.82;4;4;1580;0;312.78187025965843;0;
353;g353;72.54534141713268;122.3341215704773;401.5793126870662;85.63;85.63;4;4;1590;0;1050.3124197912232;0;
354;g354;73.92251636508496;121.67215295717284;649.9772485912267;85.17;85.17;1;1;1590;0;893.3553187734178;0;
355;g355;84.29576288727189;117.28768341942289;716.8432621392008;82.1;82.1;2;2;1601;0;502.696667419697;0;
356;g356;89.8563391572204;112.36389036247303;491.0088590996213;78.65;78.65;4;4;1602;0;425.286920825087;0;
357;g357;68.82428857844833;109.99052234450647;1414.4644443565862;76.99;76.99;1;1;1603;0;522.0056468223241;0;
358;g358;70.42017094296708;100.0;1296.5066339588657;70.0;70.0;2;2;1603;0;458.86593341651724;0;
359;g359;19.471736936944655;52.010181751459726;186.1243217619168;36.41;36.41;4;4;1644;0;110.89660888121541;0;
360;g360;0;14.771868931391376;416.5611895629272;10.34;10.34;0;0;1644;0;224.782517802275;0;
361;g361;16.929042179569496;52.29156286123341;174.42556219855405;36.6;36.6;4;4;1644;0;401.55682111598315;0;
362;g362;1.3453702022228051;11.747134173145435;203.3263903927572;8.22;8.22;1;1;1659;0;109.93252122240534;0;
363;g363;1.4806542999998644;11.739484856530517;229.90224993128746;8.22;8.22;1;1;1659;0;76.0547182486647;0;
364;g364;0;3.82759025730976;12.751250629277925;2.68;2.68;0;0;1660;0;0;0;
365;g365;0;3.9666617488184728;15.044753844437903;2.78;2.78;0;0;1660;0;0;0;
366;g366;1.9225145907702093;14.867111594684715;540.3001748865618;10.41;10.41;2;2;1661;0;185.71637342355498;0;
367;g367;3.877515191357184;21.847420704472235;618.8545847270871;15.29;15.29;4;4;1662;0;271.9774360399267;0;
368;g368;139.25914470258624;217.61109096033482;696.498023309272;152.33;152.33;2;2;1666;0;846.8529240386913;0;
369;g369;3.0;44.46428571428571;104.82383344781412;31.12;31.12;1;1;1688;0;5.942298444454343;0;
370;g370;3.0;44.46428571428572;104.93639840959243;31.13;31.13;4;4;1689;0;5.942298444454343;0;
371;g371;2.7012482520643233;13.888570854184668;190.30107269766697;9.72;9.72;2;2;1872;0;142.44272989954283;0;
372;g372;5.222728200950892;13.886074048058623;242.12785338063063;9.72;9.72;1;1;1872;0;136.17930160494174;0;
373;g373;3.917252712214168;13.868159265125977;336.79449323331625;9.71;9.71;1;1;1872;0;155.57065779521528;0;
374;g374;0;3.725268029021103;15.424596774765682;2.61;2.61;0;0;1872;0;0.0;0;
375;g375;0;3.757104777691005;15.347076851576944;2.63;2.63;0;0;1872;0;4.500006552273577;0;
376;g376;4.511878591511064;13.833924810869458;228.87822575712912;9.68;9.68;2;2;1872;0;121.03174619519429;0;
377;g377;74.36817793819357;119.95777653057101;639.5499782293078;83.97;83.97;1;1;1900;0;967.5007106304492;0;
378;g378;77.44971788604572;125.93667153384827;632.4430735323613;88.16;88.16;1;1;1900;0;788.2844242388861;0;
379;g379;65.24470700883352;156.22153668453745;579.4547505784557;109.36;109.36;4;4;1901;0;760.5604465456747;0;
380;g380;58.708030282195026;154.41767117836747;491.8900771560085;108.09;108.09;4;4;1902;0;659.3563742719316;0;
381;g381;47.176172550177164;48.975179085632135;207.3737008214736;34.28;34.28;2;2;1910;0;106.01892570083449;0;
382;g382;94.80607355340481;104.54468750973376;501.7631381815067;73.18;73.18;2;2;1910;0;275.11264072907665;0;
383;g383;41.88416951400502;42.71888980354444;223.33391730373035;29.9;29.9;2;2;1911;0;44.21539171498593;0;
384;g384;41.93220924277214;42.78935881174468;224.33514015973958;29.95;29.95;2;2;1911;0;44.50371047174811;0;
385;g385;80.64673084203824;106.45819588324704;670.4384911774931;74.52;74.52;2;2;1911;0;495.6471691006063;0;
386;g386;87.15969529529019;104.31489342697347;506.6291657629825;73.02;73.02;2;2;1911;0;233.13817688141904;0;
387;g387;5.0;32.4661294792619;169.340717670822;22.73;22.73;1;1;2018;0;56.377835735108526;0;
388;g388;170.9413603167484;218.3495403260593;661.1119062990786;152.84;152.84;2;2;2062;0;589.67398922357;0;
389;g389;165.72726952390343;217.41854184983026;662.284772602181;152.19;152.19;1;1;2063;0;637.5230350038031;0;
390;g390;179.03583673168674;217.86028398383007;658.4761335838658;152.5;152.5;1;1;2064;0;425.59548472457584;0;
391;g391;24.60613485082532;30.29510799007999;331.71194403344356;21.21;21.21;1;1;2094;0;324.5868827944003;0;
392;g392;0;7.51893835668963;37.590202413141974;5.26;5.26;0;0;2094;0;13.857451142201445;0;
393;g393;22.60787747544653;23.777899070145192;380.1371819768643;16.64;16.64;2;2;2094;0;292.0145424723431;0;
394;g394;22.55812471477356;27.63564633547555;274.19387706563236;19.34;19.34;1;1;2095;0;192.83568257963407;0;
395;g395;30.76502890323249;31.883824651243266;842.6385450141753;22.32;22.32;2;2;2130;0;65.93703364393293;0;
396;g396;31.476732075171462;31.993916308501845;820.4478572092283;22.4;22.4;2;2;2131;0;30.186904022162857;0;
397;g397;0;10.074085671716396;40.18646519848076;7.05;7.05;0;0;2150;0;8.347979887075308;0;
398;g398;0;10.173924757281819;45.641689021571786;7.12;7.12;0;0;2150;0;9.368614323846014;0;
399;g399;105.27384872365623;113.14121656257144;131.71613242327538;79.2;79.2;2;2;2152;0;299.56598070938054;0;
400;g400;117.89509282433525;119.5347001789316;246.9295604284829;83.67;83.67;1;1;2153;0;143.92271964369735;0;
401;g401;0;1.6711790342966273;7.88539839515086;1.17;1.17;0;0;2168;0;0.0;0;
402;g402;0;4.74738380352882;18.71971713483964;3.32;3.32;0;0;2183;0;0;0;
403;g403;0;0.1;5.664018297929615;0.1;0.1;0;0;2187;0;0.0;0;
404;g404;15.0;48.75;111.30954172522809;34.12;34.12;4;4;2189;0;6.458898638168653;0;
405;g405;15.0;48.75;111.20232904111604;34.12;34.12;4;4;2190;0;6.458898638168653;0;
406;g406;109.91135442689134;214.5463960848271;470.2118417426819;150.18;150.18;1;1;2216;0;1165.6406206044635;0;
407;g407;3.1773027007956482;17.22404499407359;457.68480497503606;12.06;12.06;4;4;2222;0;149.0943064477995;0;
408;g408;0;27.92451502061453;1072.248633440652;19.55;19.55;0;0;2222;0;0;0;
409;g409;4.217987754713709;27.10050850365733;691.1448871306006;18.97;18.97;2;2;2222;0;186.93736496248243;0;
410;g410;20.363925891766222;51.77180314101864;141.3591636831134;36.24;36.24;4;4;2226;0;359.3268496049479;0;
411;g411;66.36951703031994;97.15473406019268;1348.0676222067084;68.01;68.01;4;4;2226;0;205.8225925845899;0;
412;g412;72.272779095421;92.38837643136083;474.73715215340775;64.67;64.67;4;4;2227;0;291.0637188725608;0;
413;g413;0;1.5831228240715556;3.3649641389170015;1.11;1.11;0;0;2232;0;0;0;
414;g414;0;0.6029896551421214;13.206063443885856;0.42;0.42;0;0;2233;0;0;0;
415;g415;2.499056047027585;2.9;20.5413750557736;2.03;2.03;4;4;2236;0;0.4279404307390169;0;
416;g416;3.2217847653623535;5.525650213306953;20.578402141042105;3.87;3.87;2;2;2238;0;5.466188536193315;0;
417;g417;11.881496847072272;53.46889813029755;553.4654598136003;37.43;37.43;2;2;2239;0;395.13771465489793;0;
418;g418;4.5163851913953685;4.621468007822386;4.776934334770231;3.24;3.24;2;2;2239;0;4.183065352346149;0;
419;g419;0;4.850509060196039;16.310899562654285;3.4;3.4;0;0;2240;0;1.1986520710911779;0;
420;g420;25.140389041673842;27.114149203155293;373.6134132579806;18.98;18.98;1;1;2240;0;303.58359437806416;0;
421;g421;3.5226044617070293;3.65217776208452;1.1768665945554142;2.56;2.56;2;2;2253;0;4.232631046607928;0;
422;g422;11.730720511053118;27.96312350690356;592.1674940403694;19.57;19.57;2;2;2261;0;239.28502107824943;0;
423;g423;2.7024932462415454;11.316590085937795;165.60488993658677;7.92;7.92;1;1;2265;0;47.53629323052508;0;
424;g424;83.34335711371925;115.56349518002014;672.1704511792025;80.89;80.89;1;1;2267;0;376.71812531550324;0;
425;g425;0;6.360252133586441;26.30292756571487;4.45;4.45;0;0;2273;0;0;0;
426;g426;3.2;4.0;22.17913733680933;2.8;2.8;2;2;2282;0;0.7686173152425083;0;
427;g427;0;2.535078635118125;7.592610372924031;1.77;1.77;0;0;2284;0;0.0;0;
428;g428;1.459077853500681;2.7;11.466452655179296;1.89;1.89;2;2;2286;0;0.11379166429112521;0;
429;g429;0;2.3690705387356097;6.58475365694325;1.66;1.66;0;0;2290;0;0;0;
430;g430;1.0304491448165332;2.9254159533469486;9.285577678758937;2.05;2.05;4;4;2291;0;0.0;0;
431;g431;2.1216514339995607;3.9617832981098315;20.35424209432864;2.77;2.77;2;2;2291;0;1.3068588684232294;0;
432;g432;0;0.5;18.36211491767864;0.38;0.38;0;0;2293;0;0.0;0;
433;g433;3.5588784776925797;3.5588784776925797;6.801079026266739;2.53;2.53;2;2;2295;0;5.424302034000263;0;
434;g434;0;0.2;12.227030961135007;0.16;0.16;0;0;2299;0;0.0;0;
435;g435;2.448688281450122;9.9;40.163950551290824;6.93;6.93;2;2;2306;0;3.981312033449614;0;
436;g436;0;0.8391812150240826;17.675390217092758;0.59;0.59;0;0;2316;0;0;0;
437;g437;45.74068673266802;48.577222775382054;303.9562891110415;34.0;34.0;1;1;2319;0;126.20891786625553;0;
438;g438;43.445268689305955;49.540791855328294;214.42972557161414;34.68;34.68;4;4;2320;0;373.4223557012799;0;
439;g439;23.62582606808301;26.39510283859525;324.6831388511576;18.48;18.48;4;4;2320;0;345.13500455357195;0;
440;g440;46.25295832255986;52.86293026694761;214.1282271768675;37.0;37.0;2;2;2322;0;365.4974294863544;0;
441;g441;4.894070530459164;9.706215582980498;38.22641134992562;6.79;6.79;1;1;2325;0;11.557882171802877;0;
442;g442;2.557176094423987;4.313306212186727;24.042161426325393;3.02;3.02;1;1;2350;0;2.5480955500773437;0;
443;g443;3.556037214030623;3.556037214030623;11.145486894836967;2.54;2.54;1;1;2355;0;7.188421884697646;0;
444;g444;0;3.369963272623476;13.146793589373091;2.36;2.36;0;0;2372;0;0.0;0;
445;g445;0;1.3046732243122197;5.632874858958416;0.91;0.91;0;0;2410;0;0.0;0;
446;g446;0;0.2;3.438222516412036;0.14;0.14;0;0;2411;0;0.0;0;
447;g447;0;0.7055225640390174;5.494831454679933;0.49;0.49;0;0;2411;0;0.0;0;
448;g448;0;0.6;20.3552568073935;0.44;0.44;0;0;2436;0;0.0;0;
449;g449;0;0.2;14.63169348946149;0.15;0.15;0;0;2437;0;0.0;0;
450;g450;4.909523809523808;4.909523809523808;0.0;3.44;3.44;4;4;2439;0;5.464792319453547;0;
451;g451;2.8345819298432824;3.1;21.92872719151537;2.17;2.17;4;4;2440;0;0.3162430915575443;0;
452;g452;2.2153402165131744;4.220966420862792;15.711089330650713;2.95;2.95;1;1;2442;0;4.1586315594002015;0;
453;g453;183.8998825932433;193.4046912651624;643.2833785687025;135.38;135.38;4;4;2449;0;50.250538572634866;0;
454;g454;184.16038418775122;193.8068536881292;694.9895739179494;135.66;135.66;4;4;2450;0;52.27993960388825;0;
455;g455;1.6332565964669066;2.9;6.789421870066264;2.03;2.03;2;2;2462;0;0.0;0;
456;g456;0;0.3;12.645669903000035;0.21;0.21;0;0;2463;0;0.0;0;
457;g457;11.344443530982787;18.258681529617654;330.84767525688324;12.78;12.78;4;4;2470;0;540.575329461244;0;
458;g458;52.382448738832565;60.411007583938016;356.23482898706095;42.29;42.29;2;2;2488;0;55.179183664017344;0;
459;g459;57.92329399106028;62.32763912185395;280.8762818515335;43.63;43.63;2;2;2489;0;119.87707495140582;0;
460;g460;0;0.1;14.535385500059675;0.07;0.07;0;0;2497;0;0.0;0;
461;g461;1.4417751370002716;5.063912120978731;14.859301393606245;3.54;3.54;4;4;2500;0;8.414300182214308;0;
462;g462;0;0.22599691117676987;14.479611999167542;0.16;0.16;0;0;2506;0;0;0;
463;g463;2.3030041982258664;4.339565753915609;26.345275808898542;3.04;3.04;2;2;2508;0;1.6251962850904265;0;
464;g464;3.6287047348007873;28.60060524794187;1069.4695876051846;20.02;20.02;4;4;2512;0;336.0951992719414;0;
465;g465;4.222359683626143;29.873919434275237;993.3993465440317;20.91;20.91;2;2;2513;0;250.58599936993494;0;
466;g466;2.0237393751081325;6.223430230395763;18.422006573824717;4.36;4.36;4;4;2515;0;0.3783747364772384;0;
467;g467;0;0.49240404560514167;10.268183606747817;0.34;0.34;0;0;2531;0;0.0;0;
468;g468;0;0.8498023752665997;13.84156144265978;0.59;0.59;0;0;2532;0;0.0;0;
469;g469;2.2893269511320766;5.695156941883056;13.270590183373988;3.99;3.99;1;1;2534;0;4.333856760241137;0;
470;g470;2.2;2.2;0.0;1.54;1.54;2;2;2540;0;0.19058358497838762;0;
471;g471;4.353689475219462;4.551191386164121;1.571806202923909;3.19;3.19;1;1;2542;0;2.607434761517501;0;
472;g472;3.9984358639049162;4.115544581060217;7.831217264791917;2.88;2.88;1;1;2544;0;0.5542980456880578;0;
473;g473;2.6106484408867106;9.744815579673002;46.21262885034698;6.82;6.82;1;1;2557;0;13.440680445380575;0;
474;g474;1.4;1.4;1.0;1.03;1.03;4;4;2562;0;0.0;0;
475;g475;2.301206554564683;4.126175859486654;21.894140643830184;2.89;2.89;2;2;2563;0;4.911192382135373;0;
476;g476;11.331392073013177;53.38688231797696;381.84651437753837;37.37;37.37;4;4;2565;0;35.24888781219322;0;
477;g477;4.3962021783745335;17.766190506471375;315.0831863285018;12.44;12.44;4;4;2565;0;171.46658537747857;0;
478;g478;1.09761471444708;3.9944873533765093;12.821199470662144;2.8;2.8;1;1;2565;0;0.0;0;
479;g479;0;0.1;17.124553592869514;0.08;0.08;0;0;2568;0;0;0;
480;g480;114.3249990290333;229.92426244659052;535.9627632545685;160.95;160.95;4;4;2580;0;1395.2142561492537;0;
481;g481;38.477056212993865;47.72299503910329;261.97235755606044;33.41;33.41;2;2;2592;0;268.87783487764085;0;
482;g482;77.6531473093656;106.3232717813109;568.2022446127847;74.43;74.43;1;1;2592;0;484.555623319886;0;
483;g483;81.09006089217972;106.92696052021836;559.2268922647128;74.85;74.85;2;2;2593;0;406.6781441174537;0;
484;g484;2.749320586732461;16.288508473278533;530.5901487556715;11.4;11.4;1;1;2598;0;198.24462622949687;0;
485;g485;2.405200610048751;9.7;51.046510622300666;6.79;6.79;1;1;2604;0;10.324324682217489;0;
486;g486;0;0.2;18.57104575806397;0.14;0.14;0;0;2608;0;0;0;
487;g487;0;0.6;17.42212801943609;0.47;0.47;0;0;2611;0;0;0;
488;g488;0;0.9;28.770986033098197;0.7;0.7;0;0;2618;0;0;0;
489;g489;5.16835937772704;11.97824678047553;186.0855152348054;8.38;8.38;4;4;2677;0;98.47237422238624;0;
490;g490;4.064810412886543;10.058138006534044;105.01973335625638;7.04;7.04;1;1;2677;0;9.274369693911646;0;
491;g491;0;0.7364479803481772;25.8665154545035;0.52;0.52;0;0;2684;0;0.0;0;
492;g492;3.3;3.3;0.0;2.31;2.31;4;4;2685;0;0.2827338898031025;0;
493;g493;0;0.0;7.43179150726659;0.04;0.04;0;0;2694;0;0;0;
494;g494;0;2.9860846795436555;13.3796960231218;2.09;2.09;0;0;2694;0;0.0;0;
495;g495;0;48.424650988264986;321.9128331811596;33.9;33.9;0;0;2697;0;26.58606105030013;0;
496;g496;4.65324696487965;17.905256632610598;425.6938082824881;12.53;12.53;2;2;2697;0;102.22819725236326;0;
497;g497;3.302521592861541;22.29222471167255;731.4372057270865;15.6;15.6;4;4;2698;0;262.98300780233865;0;
498;g498;1.20084452707856;54.174087092530755;718.0445045840883;37.92;37.92;4;4;2698;0;415.12944404327186;0;
499;g499;12.15896104298733;52.10632389360124;606.2366106397101;36.47;36.47;4;4;2698;0;349.6196527217081;0;
500;g500;0;0.3494161602403486;13.440500954348904;0.24;0.24;0;0;2700;0;0.0;0;
501;g501;0;2.8745289987349474;9.85368027111143;2.01;2.01;0;0;2706;0;0.0;0;
502;g502;0;0.0;16.493729583909786;0.02;0.02;0;0;2714;0;0.0;0;
503;g503;26.331810691760218;50.96223625661977;153.10038692476817;35.67;35.67;4;4;2717;0;81.42736026329354;0;
504;g504;26.01610936023162;51.96511329951164;151.45440200351334;36.38;36.38;4;4;2718;0;13.174701156454693;0;
505;g505;0;7.627203121205527;37.31151309432313;5.34;5.34;0;0;2719;0;8.519016437696939;0;
506;g506;0;0.2;16.577915556263534;0.14;0.14;0;0;2726;0;0.0;0;
507;g507;0;0.0;13.03705768769149;0.02;0.02;0;0;2729;0;0.0;0;
508;g508;0;0.0;13.944177899860858;0.06;0.06;0;0;2730;0;0.0;0;
509;g509;0;0.6658330863167699;14.881960977706257;0.47;0.47;0;0;2731;0;0.0;0;
510;g510;0;0.2322991012915166;14.121082570333206;0.16;0.16;0;0;2733;0;0.0;0;
511;g511;0;10.482409277138547;65.7152206677618;7.34;7.34;0;0;2736;0;0;0;
512;g512;3.3480824412666625;19.994372632979317;743.4311401447394;14.0;14.0;2;2;2736;0;244.29674106564815;0;
513;g513;9.092977799729692;27.531679172593805;869.5607167874551;19.27;19.27;2;2;2739;0;235.7644605689234;0;
514;g514;4.330416550420553;13.046306830612394;230.46398310478205;9.13;9.13;2;2;2739;0;122.20945501518894;0;
515;g515;4.073648608846835;13.186280369892227;292.28924843257636;9.23;9.23;4;4;2740;0;130.54905760182564;0;
516;g516;0;5.00728632388885;16.262035485979563;3.51;3.51;0;0;2745;0;0;0;
517;g517;21.474019042554442;23.170151768613703;341.3920178511084;16.22;16.22;4;4;2749;0;314.4440662883527;0;
518;g518;26.283051136863456;51.607880293443586;157.77503522509983;36.13;36.13;2;2;2749;0;71.99102942756875;0;
519;g519;26.31487010473789;51.183670935866346;154.2440936976394;35.83;35.83;2;2;2749;0;78.16440174245476;0;
520;g520;24.45697144377343;51.78816094510937;153.0958858501923;36.25;36.25;1;1;2750;0;10.332003874286215;0;
521;g521;25.21385092711107;51.46783453115355;148.02595436653948;36.03;36.03;4;4;2750;0;9.091465301001985;0;
522;g522;5.4;5.542207587390002;1.0920393771980288;3.88;3.88;4;4;2757;0;0.0;0;
523;g523;3.29089678168659;21.84398275008773;706.1214503390029;15.29;15.29;4;4;2759;0;331.49606133114423;0;
524;g524;0;2.5780636216816295;10.016587652138153;1.8;1.8;0;0;2764;0;0.0;0;
525;g525;1.0;3.883938725471347;12.820921698904698;2.72;2.72;1;1;2777;0;0.0;0;
526;g526;0;3.8014379398680447;14.127847284210821;2.66;2.66;0;0;2782;0;0;0;
527;g527;0;3.9550593259489615;14.535315123449598;2.77;2.77;0;0;2782;0;0.0;0;
528;g528;0;3.8314004606177465;15.390932315177526;2.68;2.68;0;0;2782;0;0.0;0;
529;g529;0;15.656295740469126;362.3529698984373;10.96;10.96;0;0;2782;0;222.92345521327337;0;
530;g530;1.4746023124097452;19.70791981691603;329.12413394811375;13.8;13.8;2;2;2782;0;223.29415075768188;0;
531;g531;5.1165070450102;12.00606483465265;167.29566512287778;8.4;8.4;4;4;2789;0;62.241946042135844;0;
532;g532;5.130279391288058;12.4;163.84957877893464;8.68;8.68;1;1;2789;0;67.73117215453533;0;
533;g533;0;35.51519780633956;803.1485707422434;24.86;24.86;0;0;2791;0;270.3941262570293;0;
534;g534;0;7.372350572825489;48.19259920617323;5.16;5.16;0;0;2795;0;10.912830038029872;0;
535;g535;0;0.16547682992601745;17.234398819359082;0.12;0.12;0;0;2800;0;0;0;
536;g536;0;1.3117012580262655;5.137131007558512;0.92;0.92;0;0;2801;0;0;0;
537;g537;4.333333333333336;4.333333333333336;0.0;3.03;3.03;1;1;2805;0;4.79111774251529;0;
538;g538;0;0.7567104401269741;10.202935027768861;0.53;0.53;0;0;2806;0;0.0;0;
539;g539;1.1074646579214822;24.469142113800295;566.0352355168482;17.13;17.13;1;1;2810;0;308.9038782649517;0;
540;g540;6.410011963857093;29.063261990492006;574.1554318640782;20.34;20.34;4;4;2810;0;314.5229525341496;0;
541;g541;4.2452077270400235;24.520912573095266;434.86492219312305;17.16;17.16;4;4;2810;0;147.49214773891524;0;
542;g542;0;0.9118697823965205;22.029389435888174;0.64;0.64;0;0;2816;0;0.0;0;
543;g543;0;0.0;13.490091769559083;0.04;0.04;0;0;2821;0;0;0;
544;g544;0;0.0;14.855376143686277;0.01;0.01;0;0;2827;0;0.0;0;
545;g545;1.8502691716837096;13.031958650722075;221.28656913385745;9.12;9.12;1;1;2830;0;126.3527281904517;0;
546;g546;0;4.54577466056479;16.180140383436818;3.18;3.18;0;0;2830;0;4.065085037835718;0;
547;g547;0;4.726541484176238;18.152900117272736;3.31;3.31;0;0;2830;0;4.4699878923685565;0;
548;g548;0;12.947842864468718;313.4284551005713;9.06;9.06;0;0;2831;0;0;0;
549;g549;0;0.0;9.489561168225684;0.01;0.01;0;0;2833;0;0.0;0;
550;g550;6.681503613881425;19.19820876528545;501.1977661354005;13.44;13.44;2;2;2834;0;267.2330915581937;0;
551;g551;5.1;5.1;24.767719919314565;3.58;3.58;2;2;2845;0;0.0;0;
552;g552;0;0.1608518522045869;18.562769273512732;0.11;0.11;0;0;2851;0;0;0;
553;g553;0;0.0;13.901186095916314;0.03;0.03;0;0;2857;0;0.0;0;
554;g554;1.4;1.6007431103959018;2.179828310790942;1.12;1.12;2;2;2862;0;0.0;0;
555;g555;0;2.7271856626030706;10.59170173093743;1.91;1.91;0;0;2869;0;0.0;0;
556;g556;0;0.0;1.8199916473952942;0.02;0.02;0;0;2890;0;0;0;
557;g557;0;2.966704262182217;9.449227518173856;2.08;2.08;0;0;2893;0;0;0;
558;g558;0;1.9252789696035957;6.379624302663867;1.35;1.35;0;0;2893;0;0;0;
559;g559;1.6475150522265432;14.51406292947999;450.031400890688;10.16;10.16;2;2;2897;0;172.80206668906706;0;
560;g560;0;0.0;11.401955939142345;0.03;0.03;0;0;2899;0;0.0;0;
561;g561;0;0.2819414818433804;6.371065313940773;0.2;0.2;0;0;2908;0;0.0;0;
562;g562;0;0.3448886212333987;22.762490443255643;0.24;0.24;0;0;2920;0;0.0;0;
563;g563;0;0.0;8.509801657339112;0.01;0.01;0;0;2924;0;0.0;0;
564;g564;0;0.1;6.356770832652691;0.07;0.07;0;0;2929;0;0;0;
565;g565;0;3.830807204913566;12.697802107174608;2.68;2.68;0;0;2934;0;0.86356005354676;0;
566;g566;0;0.0;16.22288421863555;0.03;0.03;0;0;2938;0;0.0;0;
567;g567;0;11.02856844303452;177.28370063998568;7.72;7.72;0;0;2943;0;69.06525724938405;0;
568;g568;0;5.4615314638193775;19.825423652567697;3.82;3.82;0;0;2943;0;0;0;
569;g569;2.286733339256626;14.716265561608722;350.7138512469187;10.3;10.3;4;4;2943;0;120.01180986679346;0;
570;g570;0;32.407803461581075;651.6193635339495;22.69;22.69;0;0;2943;0;0;0;
571;g571;0;18.039791578482806;520.3528866721157;12.63;12.63;0;0;2947;0;206.13394891755826;0;
572;g572;0;5.418023485684957;19.653299074841193;3.79;3.79;0;0;2954;0;0;0;
573;g573;0;48.347428873690646;447.4747448439418;33.84;33.84;0;0;2959;0;38.59771366252774;0;
574;g574;0;3.286762418922384;13.136549100741115;2.3;2.3;0;0;2960;0;0.0;0;
575;g575;0;8.023355140737653;45.62018874689631;5.62;5.62;0;0;2964;0;0;0;
576;g576;0;0.0;8.86231770315666;0.02;0.02;0;0;2966;0;0.0;0;
577;g577;5.024845352595509;27.466443402624396;849.979204686202;19.23;19.23;2;2;2968;0;271.4468736788147;0;
578;g578;2.95670500500695;26.597408853678736;612.880666803164;18.62;18.62;1;1;2972;0;237.03990456070184;0;
579;g579;1.8656379633637854;26.328820730705672;460.7645448464675;18.43;18.43;1;1;2972;0;276.5081593604752;0;
580;g580;2.259831360978166;26.310159924867936;627.3758374202878;18.42;18.42;1;1;2973;0;299.5380563745852;0;
581;g581;4.559012557943653;26.43021152209503;863.8573816129447;18.5;18.5;1;1;2973;0;284.08472949882844;0;
582;g582;1.4144858188174072;26.602004177857694;713.8386161114622;18.62;18.62;2;2;2973;0;261.17979388292775;0;
583;g583;3.775796241642788;26.33617994438883;546.9868624247216;18.44;18.44;2;2;2973;0;199.7469554414877;0;
584;g584;20.333739620257294;24.68788599236882;307.5581882616985;17.28;17.28;2;2;2984;0;186.7307248849967;0;
585;g585;0;3.8777752985806746;15.926485368976309;2.71;2.71;0;0;2991;0;0.0;0;
586;g586;0;3.7866087672317392;10.778393485711986;2.65;2.65;0;0;2991;0;0.0;0;
587;g587;45.97132047029543;52.40108065845057;200.03292203758375;36.68;36.68;2;2;2994;0;325.7150259201332;0;
588;g588;50.218869292224895;50.218869292224895;0.0;35.15;35.15;1;1;2994;0;115.52227494006814;0;
589;g589;48.99795091687264;49.472078913343175;481.6123335764675;34.63;34.63;2;2;2995;0;95.88099595337609;0;
590;g590;0;17.691534427992146;417.8558190141817;12.38;12.38;0;0;3005;0;192.3881951145383;0;
</Thermal plants>
<Deficit cost>
Deficit cost  in ($/(MWh/h))
19388.487544497046
</Deficit cost>
</END>